DATE,USEPUINDXD
2014-07-01,94.53000
2014-07-02,85.01000
2014-07-03,41.51000
2014-07-04,52.44000
2014-07-05,79.35000
2014-07-06,124.77000
2014-07-07,61.40000
2014-07-08,28.93000
2014-07-09,49.91000
2014-07-10,48.39000
2014-07-11,50.23000
2014-07-12,75.13000
2014-07-13,134.75000
2014-07-14,124.54000
2014-07-15,116.32000
2014-07-16,131.66000
2014-07-17,72.31000
2014-07-18,77.84000
2014-07-19,88.06000
2014-07-20,44.15000
2014-07-21,67.14000
2014-07-22,56.64000
2014-07-23,49.67000
2014-07-24,36.53000
2014-07-25,34.26000
2014-07-26,56.98000
2014-07-27,62.97000
2014-07-28,49.75000
2014-07-29,44.45000
2014-07-30,117.01000
2014-07-31,87.58000
2014-08-01,53.10000
2014-08-02,92.27000
2014-08-03,91.65000
2014-08-04,131.99000
2014-08-05,80.24000
2014-08-06,32.50000
2014-08-07,41.62000
2014-08-08,61.58000
2014-08-09,34.97000
2014-08-10,36.22000
2014-08-11,94.95000
2014-08-12,18.35000
2014-08-13,18.04000
2014-08-14,29.12000
2014-08-15,74.06000
2014-08-16,71.63000
2014-08-17,51.56000
2014-08-18,34.34000
2014-08-19,40.12000
2014-08-20,23.74000
2014-08-21,24.43000
2014-08-22,65.61000
2014-08-23,143.64000
2014-08-24,52.31000
2014-08-25,54.94000
2014-08-26,32.55000
2014-08-27,40.32000
2014-08-28,44.61000
2014-08-29,30.07000
2014-08-30,27.35000
2014-08-31,31.79000
2014-09-01,102.15000
2014-09-02,79.82000
2014-09-03,38.15000
2014-09-04,29.58000
2014-09-05,32.64000
2014-09-06,42.79000
2014-09-07,75.91000
2014-09-08,23.52000
2014-09-09,65.54000
2014-09-10,66.45000
2014-09-11,43.16000
2014-09-12,49.62000
2014-09-13,54.57000
2014-09-14,63.50000
2014-09-15,132.42000
2014-09-16,34.58000
2014-09-17,40.90000
2014-09-18,26.32000
2014-09-19,31.65000
2014-09-20,83.75000
2014-09-21,66.46000
2014-09-22,124.77000
2014-09-23,102.33000
2014-09-24,46.11000
2014-09-25,40.69000
2014-09-26,49.29000
2014-09-27,45.23000
2014-09-28,64.31000
2014-09-29,41.79000
2014-09-30,41.03000
2014-10-01,58.82000
2014-10-02,30.16000
2014-10-03,103.26000
2014-10-04,54.37000
2014-10-05,84.19000
2014-10-06,135.43000
2014-10-07,89.80000
2014-10-08,43.96000
2014-10-09,53.73000
2014-10-10,49.06000
2014-10-11,70.52000
2014-10-12,70.66000
2014-10-13,42.04000
2014-10-14,62.32000
2014-10-15,68.64000
2014-10-16,86.24000
2014-10-17,49.35000
2014-10-18,66.44000
2014-10-19,77.54000
2014-10-20,45.57000
2014-10-21,61.02000
2014-10-22,69.25000
2014-10-23,45.24000
2014-10-24,43.41000
2014-10-25,45.23000
2014-10-26,109.96000
2014-10-27,68.48000
2014-10-28,72.16000
2014-10-29,57.53000
2014-10-30,37.38000
2014-10-31,103.08000
2014-11-01,28.94000
2014-11-02,61.77000
2014-11-03,64.42000
2014-11-04,58.50000
2014-11-05,72.12000
2014-11-06,56.66000
2014-11-07,26.93000
2014-11-08,52.82000
2014-11-09,71.58000
2014-11-10,45.75000
2014-11-11,36.64000
2014-11-12,49.99000
2014-11-13,40.12000
2014-11-14,29.81000
2014-11-15,57.00000
2014-11-16,76.38000
2014-11-17,151.19000
2014-11-18,56.80000
2014-11-19,48.87000
2014-11-20,51.40000
2014-11-21,58.61000
2014-11-22,102.93000
2014-11-23,76.47000
2014-11-24,78.87000
2014-11-25,60.87000
2014-11-26,27.16000
2014-11-27,92.67000
2014-11-28,38.11000
2014-11-29,30.36000
2014-11-30,41.60000
2014-12-01,37.22000
2014-12-02,68.69000
2014-12-03,76.65000
2014-12-04,49.34000
2014-12-05,63.16000
2014-12-06,76.90000
2014-12-07,61.53000
2014-12-08,53.77000
2014-12-09,58.26000
2014-12-10,39.55000
2014-12-11,36.88000
2014-12-12,42.58000
2014-12-13,63.41000
2014-12-14,90.77000
2014-12-15,32.39000
2014-12-16,56.01000
2014-12-17,99.63000
2014-12-18,105.88000
2014-12-19,42.70000
2014-12-20,93.69000
2014-12-21,126.19000
2014-12-22,81.46000
2014-12-23,41.44000
2014-12-24,26.50000
2014-12-25,48.33000
2014-12-26,58.01000
2014-12-27,26.63000
2014-12-28,109.92000
2014-12-29,108.66000
2014-12-30,50.14000
2014-12-31,127.20000
2015-01-01,137.22000
2015-01-02,93.14000
2015-01-03,79.59000
2015-01-04,163.12000
2015-01-05,90.66000
2015-01-06,85.46000
2015-01-07,57.14000
2015-01-08,59.56000
2015-01-09,44.45000
2015-01-10,90.61000
2015-01-11,110.37000
2015-01-12,99.54000
2015-01-13,68.71000
2015-01-14,82.58000
2015-01-15,88.27000
2015-01-16,50.91000
2015-01-17,78.80000
2015-01-18,131.37000
2015-01-19,72.54000
2015-01-20,74.06000
2015-01-21,43.82000
2015-01-22,85.21000
2015-01-23,82.90000
2015-01-24,75.04000
2015-01-25,87.69000
2015-01-26,54.50000
2015-01-27,55.58000
2015-01-28,77.51000
2015-01-29,32.14000
2015-01-30,65.15000
2015-01-31,82.50000
2015-02-01,66.55000
2015-02-02,79.45000
2015-02-03,65.60000
2015-02-04,67.26000
2015-02-05,115.17000
2015-02-06,59.12000
2015-02-07,48.01000
2015-02-08,75.83000
2015-02-09,87.49000
2015-02-10,83.73000
2015-02-11,50.54000
2015-02-12,26.96000
2015-02-13,54.65000
2015-02-14,56.60000
2015-02-15,67.80000
2015-02-16,37.41000
2015-02-17,50.67000
2015-02-18,37.15000
2015-02-19,102.56000
2015-02-20,35.63000
2015-02-21,50.96000
2015-02-22,62.23000
2015-02-23,76.09000
2015-02-24,128.86000
2015-02-25,74.82000
2015-02-26,74.61000
2015-02-27,116.63000
2015-02-28,70.02000
2015-03-01,90.02000
2015-03-02,91.47000
2015-03-03,37.66000
2015-03-04,89.94000
2015-03-05,69.01000
2015-03-06,47.16000
2015-03-07,72.56000
2015-03-08,70.57000
2015-03-09,63.31000
2015-03-10,85.17000
2015-03-11,44.39000
2015-03-12,33.90000
2015-03-13,52.24000
2015-03-14,39.04000
2015-03-15,36.66000
2015-03-16,53.97000
2015-03-17,37.53000
2015-03-18,78.20000
2015-03-19,52.74000
2015-03-20,56.33000
2015-03-21,39.84000
2015-03-22,67.02000
2015-03-23,108.15000
2015-03-24,34.47000
2015-03-25,52.70000
2015-03-26,46.77000
2015-03-27,61.09000
2015-03-28,68.89000
2015-03-29,87.06000
2015-03-30,74.41000
2015-03-31,88.25000
2015-04-01,85.27000
2015-04-02,27.58000
2015-04-03,69.18000
2015-04-04,123.38000
2015-04-05,106.94000
2015-04-06,56.30000
2015-04-07,77.07000
2015-04-08,55.11000
2015-04-09,43.26000
2015-04-10,41.28000
2015-04-11,55.30000
2015-04-12,109.48000
2015-04-13,77.54000
2015-04-14,66.77000
2015-04-15,310.25000
2015-04-16,49.98000
2015-04-17,43.72000
2015-04-18,34.56000
2015-04-19,58.00000
2015-04-20,51.68000
2015-04-21,46.55000
2015-04-22,36.96000
2015-04-23,33.57000
2015-04-24,42.94000
2015-04-25,56.49000
2015-04-26,85.88000
2015-04-27,35.03000
2015-04-28,30.41000
2015-04-29,30.76000
2015-04-30,39.66000
2015-05-01,37.85000
2015-05-02,39.16000
2015-05-03,40.51000
2015-05-04,27.02000
2015-05-05,30.59000
2015-05-06,42.19000
2015-05-07,79.16000
2015-05-08,81.06000
2015-05-09,80.04000
2015-05-10,100.21000
2015-05-11,106.86000
2015-05-12,86.73000
2015-05-13,86.10000
2015-05-14,49.40000
2015-05-15,65.40000
2015-05-16,45.21000
2015-05-17,78.72000
2015-05-18,65.23000
2015-05-19,45.51000
2015-05-20,56.09000
2015-05-21,58.45000
2015-05-22,65.97000
2015-05-23,108.50000
2015-05-24,71.12000
2015-05-25,41.75000
2015-05-26,56.41000
2015-05-27,49.51000
2015-05-28,87.95000
2015-05-29,39.59000
2015-05-30,40.33000
2015-05-31,86.03000
2015-06-01,33.34000
2015-06-02,71.05000
2015-06-03,31.97000
2015-06-04,80.34000
2015-06-05,40.47000
2015-06-06,63.25000
2015-06-07,99.95000
2015-06-08,150.67000
2015-06-09,65.45000
2015-06-10,34.96000
2015-06-11,40.94000
2015-06-12,47.00000
2015-06-13,52.00000
2015-06-14,62.35000
2015-06-15,52.50000
2015-06-16,40.37000
2015-06-17,50.73000
2015-06-18,78.79000
2015-06-19,86.15000
2015-06-20,139.47000
2015-06-21,55.96000
2015-06-22,64.15000
2015-06-23,66.27000
2015-06-24,27.52000
2015-06-25,47.83000
2015-06-26,79.86000
2015-06-27,48.51000
2015-06-28,98.41000
2015-06-29,78.50000
2015-06-30,122.02000
2015-07-01,90.80000
2015-07-02,44.58000
2015-07-03,41.29000
2015-07-04,69.18000
2015-07-05,65.35000
2015-07-06,100.06000
2015-07-07,85.70000
2015-07-08,62.40000
2015-07-09,98.19000
2015-07-10,94.87000
2015-07-11,190.28000
2015-07-12,90.60000
2015-07-13,79.98000
2015-07-14,68.09000
2015-07-15,62.09000
2015-07-16,72.00000
2015-07-17,42.31000
2015-07-18,66.80000
2015-07-19,338.31000
2015-07-20,46.59000
2015-07-21,71.87000
2015-07-22,43.42000
2015-07-23,45.00000
2015-07-24,60.12000
2015-07-25,25.18000
2015-07-26,56.04000
2015-07-27,35.53000
2015-07-28,38.06000
2015-07-29,53.93000
2015-07-30,35.73000
2015-07-31,29.32000
2015-08-01,39.77000
2015-08-02,108.74000
2015-08-03,88.27000
2015-08-04,53.56000
2015-08-05,43.76000
2015-08-06,21.30000
2015-08-07,3.32000
2015-08-08,44.81000
2015-08-09,82.77000
2015-08-10,82.73000
2015-08-11,65.65000
2015-08-12,38.09000
2015-08-13,35.58000
2015-08-14,55.58000
2015-08-15,76.16000
2015-08-16,46.54000
2015-08-17,26.30000
2015-08-18,60.75000
2015-08-19,83.70000
2015-08-20,35.99000
2015-08-21,80.21000
2015-08-22,91.75000
2015-08-23,80.18000
2015-08-24,152.98000
2015-08-25,177.02000
2015-08-26,87.48000
2015-08-27,61.26000
2015-08-28,93.15000
2015-08-29,164.55000
2015-08-30,160.43000
2015-08-31,113.96000
2015-09-01,92.72000
2015-09-02,93.82000
2015-09-03,57.57000
2015-09-04,144.81000
2015-09-05,171.00000
2015-09-06,98.96000
2015-09-07,119.62000
2015-09-08,69.15000
2015-09-09,46.57000
2015-09-10,67.06000
2015-09-11,89.61000
2015-09-12,99.30000
2015-09-13,181.35000
2015-09-14,88.46000
2015-09-15,100.95000
2015-09-16,67.49000
2015-09-17,71.27000
2015-09-18,77.99000
2015-09-19,104.86000
2015-09-20,88.42000
2015-09-21,87.15000
2015-09-22,87.71000
2015-09-23,64.87000
2015-09-24,41.42000
2015-09-25,44.34000
2015-09-26,87.87000
2015-09-27,82.39000
2015-09-28,41.68000
2015-09-29,65.70000
2015-09-30,77.75000
2015-10-01,69.02000
2015-10-02,64.84000
2015-10-03,46.31000
2015-10-04,87.51000
2015-10-05,48.01000
2015-10-06,110.95000
2015-10-07,49.15000
2015-10-08,26.35000
2015-10-09,78.91000
2015-10-10,111.14000
2015-10-11,93.28000
2015-10-12,112.89000
2015-10-13,33.11000
2015-10-14,59.36000
2015-10-15,35.67000
2015-10-16,51.22000
2015-10-17,49.26000
2015-10-18,66.30000
2015-10-19,51.91000
2015-10-20,27.87000
2015-10-21,83.48000
2015-10-22,52.71000
2015-10-23,51.59000
2015-10-24,87.13000
2015-10-25,66.66000
2015-10-26,75.05000
2015-10-27,74.57000
2015-10-28,112.28000
2015-10-29,77.35000
2015-10-30,38.41000
2015-10-31,46.01000
2015-11-01,93.34000
2015-11-02,32.86000
2015-11-03,72.75000
2015-11-04,45.24000
2015-11-05,33.09000
2015-11-06,78.78000
2015-11-07,102.94000
2015-11-08,93.34000
2015-11-09,60.61000
2015-11-10,44.19000
2015-11-11,44.92000
2015-11-12,20.53000
2015-11-13,33.65000
2015-11-14,54.12000
2015-11-15,87.14000
2015-11-16,91.65000
2015-11-17,63.48000
2015-11-18,68.43000
2015-11-19,43.31000
2015-11-20,48.78000
2015-11-21,26.01000
2015-11-22,51.15000
2015-11-23,13.92000
2015-11-24,28.80000
2015-11-25,20.42000
2015-11-26,95.75000
2015-11-27,45.15000
2015-11-28,44.18000
2015-11-29,64.80000
2015-11-30,61.99000
2015-12-01,48.27000
2015-12-02,47.61000
2015-12-03,38.70000
2015-12-04,34.60000
2015-12-05,44.67000
2015-12-06,74.22000
2015-12-07,50.85000
2015-12-08,43.97000
2015-12-09,57.21000
2015-12-10,64.28000
2015-12-11,110.78000
2015-12-12,61.68000
2015-12-13,89.96000
2015-12-14,56.77000
2015-12-15,78.00000
2015-12-16,85.34000
2015-12-17,100.26000
2015-12-18,86.50000
2015-12-19,63.29000
2015-12-20,55.79000
2015-12-21,79.05000
2015-12-22,77.14000
2015-12-23,75.23000
2015-12-24,58.39000
2015-12-25,64.23000
2015-12-26,122.65000
2015-12-27,118.36000
2015-12-28,106.39000
2015-12-29,59.15000
2015-12-30,90.42000
2015-12-31,59.74000
2016-01-01,102.81000
2016-01-02,71.43000
2016-01-03,163.65000
2016-01-04,106.94000
2016-01-05,52.80000
2016-01-06,30.40000
2016-01-07,56.40000
2016-01-08,62.21000
2016-01-09,73.93000
2016-01-10,115.76000
2016-01-11,65.10000
2016-01-12,67.32000
2016-01-13,130.12000
2016-01-14,72.92000
2016-01-15,67.14000
2016-01-16,137.85000
2016-01-17,126.15000
2016-01-18,71.03000
2016-01-19,81.90000
2016-01-20,70.19000
2016-01-21,110.20000
2016-01-22,68.43000
2016-01-23,76.65000
2016-01-24,62.13000
2016-01-25,55.72000
2016-01-26,78.09000
2016-01-27,39.01000
2016-01-28,59.62000
2016-01-29,41.51000
2016-01-30,79.82000
2016-01-31,94.57000
2016-02-01,183.20000
2016-02-02,117.91000
2016-02-03,73.51000
2016-02-04,40.73000
2016-02-05,41.41000
2016-02-06,78.95000
2016-02-07,60.29000
2016-02-08,88.26000
2016-02-09,38.40000
2016-02-10,77.84000
2016-02-11,106.25000
2016-02-12,74.63000
2016-02-13,45.01000
2016-02-14,110.80000
2016-02-15,67.33000
2016-02-16,48.57000
2016-02-17,108.64000
2016-02-18,117.33000
2016-02-19,85.85000
2016-02-20,80.64000
2016-02-21,78.42000
2016-02-22,55.88000
2016-02-23,57.33000
2016-02-24,62.26000
2016-02-25,57.50000
2016-02-26,41.87000
2016-02-27,126.51000
2016-02-28,97.94000
2016-02-29,65.74000
2016-03-01,49.35000
2016-03-02,41.64000
2016-03-03,48.60000
2016-03-04,46.74000
2016-03-05,128.08000
2016-03-06,112.51000
2016-03-07,59.99000
2016-03-08,77.42000
2016-03-09,46.99000
2016-03-10,30.22000
2016-03-11,29.26000
2016-03-12,68.49000
2016-03-13,108.23000
2016-03-14,54.04000
2016-03-15,45.63000
2016-03-16,48.66000
2016-03-17,40.06000
2016-03-18,58.48000
2016-03-19,32.84000
2016-03-20,73.89000
2016-03-21,89.85000
2016-03-22,55.17000
2016-03-23,87.98000
2016-03-24,50.15000
2016-03-25,36.39000
2016-03-26,61.36000
2016-03-27,53.45000
2016-03-28,105.86000
2016-03-29,69.82000
2016-03-30,124.96000
2016-03-31,36.42000
2016-04-01,30.46000
2016-04-02,61.05000
2016-04-03,100.09000
2016-04-04,38.89000
2016-04-05,25.71000
2016-04-06,36.17000
2016-04-07,28.90000
2016-04-08,30.25000
2016-04-09,19.81000
2016-04-10,66.30000
2016-04-11,101.11000
2016-04-12,34.46000
2016-04-13,37.74000
2016-04-14,21.42000
2016-04-15,52.17000
2016-04-16,82.72000
2016-04-17,127.30000
2016-04-18,63.08000
2016-04-19,20.66000
2016-04-20,41.30000
2016-04-21,34.27000
2016-04-22,112.29000
2016-04-23,77.26000
2016-04-24,57.80000
2016-04-25,59.83000
2016-04-26,49.42000
2016-04-27,42.37000
2016-04-28,20.30000
2016-04-29,54.91000
2016-04-30,45.03000
2016-05-01,61.59000
2016-05-02,72.72000
2016-05-03,45.40000
2016-05-04,44.10000
2016-05-05,34.04000
2016-05-06,31.30000
2016-05-07,46.71000
2016-05-08,57.56000
2016-05-09,59.73000
2016-05-10,62.97000
2016-05-11,54.40000
2016-05-12,50.82000
2016-05-13,59.77000
2016-05-14,31.04000
2016-05-15,99.03000
2016-05-16,82.79000
2016-05-17,51.62000
2016-05-18,32.08000
2016-05-19,58.53000
2016-05-20,25.94000
2016-05-21,54.62000
2016-05-22,113.01000
2016-05-23,141.68000
2016-05-24,66.06000
2016-05-25,51.51000
2016-05-26,23.07000
2016-05-27,19.22000
2016-05-28,41.02000
2016-05-29,54.25000
2016-05-30,35.86000
2016-05-31,48.19000
2016-06-01,48.39000
2016-06-02,44.41000
2016-06-03,54.72000
2016-06-04,130.56000
2016-06-05,151.85000
2016-06-06,136.57000
2016-06-07,127.93000
2016-06-08,46.41000
2016-06-09,49.67000
2016-06-10,70.69000
2016-06-11,71.81000
2016-06-12,64.97000
2016-06-13,60.21000
2016-06-14,83.69000
2016-06-15,79.47000
2016-06-16,109.07000
2016-06-17,71.03000
2016-06-18,91.09000
2016-06-19,54.65000
2016-06-20,94.78000
2016-06-21,137.60000
2016-06-22,146.78000
2016-06-23,125.30000
2016-06-24,312.85000
2016-06-25,586.55000
2016-06-26,322.73000
2016-06-27,254.28000
2016-06-28,238.67000
2016-06-29,146.63000
2016-06-30,96.08000
2016-07-01,108.22000
2016-07-02,114.48000
2016-07-03,148.63000
2016-07-04,84.51000
2016-07-05,89.02000
2016-07-06,185.04000
2016-07-07,117.71000
2016-07-08,105.65000
2016-07-09,124.74000
2016-07-10,209.00000
2016-07-11,93.07000
2016-07-12,113.92000
2016-07-13,58.42000
2016-07-14,53.11000
2016-07-15,34.40000
2016-07-16,88.55000
2016-07-17,172.45000
2016-07-18,112.79000
2016-07-19,39.89000
2016-07-20,45.87000
2016-07-21,37.63000
2016-07-22,59.24000
2016-07-23,40.99000
2016-07-24,76.34000
2016-07-25,78.34000
2016-07-26,56.40000
2016-07-27,122.84000
2016-07-28,76.37000
2016-07-29,78.16000
2016-07-30,91.53000
2016-07-31,117.46000
2016-08-01,74.99000
2016-08-02,55.54000
2016-08-03,38.55000
2016-08-04,42.64000
2016-08-05,89.43000
2016-08-06,76.61000
2016-08-07,60.56000
2016-08-08,108.83000
2016-08-09,61.67000
2016-08-10,81.76000
2016-08-11,43.24000
2016-08-12,63.00000
2016-08-13,55.14000
2016-08-14,137.71000
2016-08-15,91.36000
2016-08-16,105.49000
2016-08-17,83.60000
2016-08-18,59.73000
2016-08-19,56.17000
2016-08-20,53.76000
2016-08-21,44.80000
2016-08-22,39.89000
2016-08-23,40.46000
2016-08-24,43.23000
2016-08-25,83.01000
2016-08-26,117.24000
2016-08-27,139.20000
2016-08-28,86.28000
2016-08-29,87.44000
2016-08-30,46.48000
2016-08-31,45.98000
2016-09-01,38.52000
2016-09-02,40.85000
2016-09-03,11.49000
2016-09-04,75.51000
2016-09-05,145.01000
2016-09-06,30.28000
2016-09-07,22.17000
2016-09-08,27.04000
2016-09-09,35.65000
2016-09-10,33.11000
2016-09-11,50.18000
2016-09-12,39.54000
2016-09-13,67.65000
2016-09-14,28.87000
2016-09-15,30.61000
2016-09-16,44.18000
2016-09-17,26.59000
2016-09-18,97.80000
2016-09-19,74.44000
2016-09-20,58.92000
2016-09-21,31.41000
2016-09-22,64.81000
2016-09-23,60.71000
2016-09-24,106.95000
2016-09-25,53.57000
2016-09-26,30.74000
2016-09-27,56.95000
2016-09-28,38.39000
2016-09-29,51.81000
2016-09-30,34.93000
2016-10-01,59.96000
2016-10-02,102.52000
2016-10-03,78.99000
2016-10-04,48.13000
2016-10-05,65.03000
2016-10-06,58.51000
2016-10-07,57.08000
2016-10-08,64.33000
2016-10-09,102.18000
2016-10-10,15.20000
2016-10-11,54.57000
2016-10-12,59.38000
2016-10-13,50.64000
2016-10-14,80.62000
2016-10-15,98.91000
2016-10-16,98.05000
2016-10-17,115.14000
2016-10-18,45.55000
2016-10-19,61.32000
2016-10-20,48.77000
2016-10-21,34.08000
2016-10-22,41.54000
2016-10-23,85.95000
2016-10-24,58.65000
2016-10-25,114.51000
2016-10-26,40.45000
2016-10-27,85.31000
2016-10-28,74.06000
2016-10-29,76.83000
2016-10-30,80.76000
2016-10-31,95.82000
2016-11-01,44.68000
2016-11-02,60.79000
2016-11-03,63.05000
2016-11-04,87.98000
2016-11-05,107.72000
2016-11-06,121.17000
2016-11-07,74.75000
2016-11-08,119.44000
2016-11-09,246.03000
2016-11-10,272.71000
2016-11-11,140.42000
2016-11-12,178.53000
2016-11-13,339.37000
2016-11-14,263.29000
2016-11-15,161.83000
2016-11-16,135.29000
2016-11-17,111.00000
2016-11-18,176.29000
2016-11-19,117.88000
2016-11-20,111.02000
2016-11-21,94.21000
2016-11-22,102.35000
2016-11-23,84.27000
2016-11-24,84.01000
2016-11-25,90.30000
2016-11-26,69.39000
2016-11-27,95.70000
2016-11-28,96.79000
2016-11-29,56.24000
2016-11-30,63.67000
2016-12-01,167.88000
2016-12-02,144.20000
2016-12-03,152.48000
2016-12-04,137.30000
2016-12-05,113.93000
2016-12-06,158.64000
2016-12-07,162.00000
2016-12-08,125.48000
2016-12-09,97.26000
2016-12-10,130.24000
2016-12-11,125.68000
2016-12-12,99.45000
2016-12-13,336.71000
2016-12-14,53.87000
2016-12-15,232.94000
2016-12-16,53.13000
2016-12-17,61.80000
2016-12-18,149.81000
2016-12-19,91.47000
2016-12-20,59.25000
2016-12-21,37.37000
2016-12-22,50.35000
2016-12-23,35.70000
2016-12-24,67.43000
2016-12-25,187.34000
2016-12-26,155.98000
2016-12-27,108.11000
2016-12-28,161.59000
2016-12-29,116.01000
2016-12-30,141.16000
2016-12-31,127.18000
2017-01-01,235.10000
2017-01-02,242.04000
2017-01-03,89.85000
2017-01-04,101.99000
2017-01-05,134.47000
2017-01-06,96.97000
2017-01-07,110.23000
2017-01-08,272.01000
2017-01-09,121.76000
2017-01-10,121.90000
2017-01-11,124.56000
2017-01-12,113.32000
2017-01-13,135.56000
2017-01-14,111.90000
2017-01-15,188.29000
2017-01-16,114.17000
2017-01-17,160.96000
2017-01-18,135.59000
2017-01-19,95.56000
2017-01-20,141.55000
2017-01-21,151.63000
2017-01-22,185.71000
2017-01-23,154.77000
2017-01-24,136.15000
2017-01-25,175.14000
2017-01-26,89.25000
2017-01-27,135.05000
2017-01-28,152.15000
2017-01-29,186.22000
2017-01-30,115.06000
2017-01-31,139.29000
2017-02-01,158.28000
2017-02-02,113.53000
2017-02-03,131.28000
2017-02-04,88.69000
2017-02-05,211.26000
2017-02-06,150.83000
2017-02-07,121.82000
2017-02-08,118.99000
2017-02-09,74.34000
2017-02-10,231.24000
2017-02-11,57.47000
2017-02-12,162.36000
2017-02-13,77.85000
2017-02-14,120.20000
2017-02-15,130.16000
2017-02-16,89.07000
2017-02-17,143.29000
2017-02-18,87.44000
2017-02-19,123.54000
2017-02-20,66.08000
2017-02-21,87.54000
2017-02-22,226.71000
2017-02-23,84.74000
2017-02-24,99.00000
2017-02-25,35.04000
2017-02-26,121.60000
2017-02-27,117.37000
2017-02-28,114.25000
2017-03-01,111.90000
2017-03-02,125.27000
2017-03-03,88.91000
2017-03-04,89.26000
2017-03-05,128.58000
2017-03-06,104.29000
2017-03-07,71.17000
2017-03-08,124.51000
2017-03-09,95.37000
2017-03-10,81.65000
2017-03-11,107.41000
2017-03-12,167.79000
2017-03-13,56.50000
2017-03-14,122.30000
2017-03-15,159.48000
2017-03-16,91.44000
2017-03-17,152.01000
2017-03-18,91.27000
2017-03-19,153.52000
2017-03-20,161.69000
2017-03-21,184.47000
2017-03-22,65.80000
2017-03-23,48.67000
2017-03-24,106.37000
2017-03-25,103.58000
2017-03-26,152.82000
2017-03-27,83.12000
2017-03-28,89.73000
2017-03-29,66.64000
2017-03-30,91.55000
2017-03-31,221.37000
2017-04-01,208.81000
2017-04-02,164.70000
2017-04-03,115.76000
2017-04-04,103.95000
2017-04-05,75.28000
2017-04-06,82.38000
2017-04-07,67.93000
2017-04-08,81.50000
2017-04-09,90.35000
2017-04-10,118.06000
2017-04-11,41.86000
2017-04-12,79.49000
2017-04-13,59.73000
2017-04-14,116.71000
2017-04-15,74.38000
2017-04-16,119.43000
2017-04-17,119.99000
2017-04-18,71.39000
2017-04-19,93.31000
2017-04-20,55.86000
2017-04-21,124.51000
2017-04-22,106.10000
2017-04-23,171.29000
2017-04-24,144.04000
2017-04-25,58.82000
2017-04-26,70.40000
2017-04-27,63.06000
2017-04-28,62.79000
2017-04-29,74.46000
2017-04-30,224.35000
2017-05-01,97.49000
2017-05-02,89.58000
2017-05-03,86.79000
2017-05-04,184.47000
2017-05-05,72.21000
2017-05-06,107.43000
2017-05-07,170.80000
2017-05-08,113.15000
2017-05-09,84.95000
2017-05-10,67.32000
2017-05-11,49.78000
2017-05-12,129.40000
2017-05-13,88.54000
2017-05-14,59.20000
2017-05-15,169.44000
2017-05-16,118.00000
2017-05-17,62.79000
2017-05-18,89.48000
2017-05-19,87.23000
2017-05-20,54.92000
2017-05-21,119.98000
2017-05-22,83.62000
2017-05-23,64.98000
2017-05-24,76.10000
2017-05-25,51.65000
2017-05-26,62.91000
2017-05-27,54.56000
2017-05-28,96.91000
2017-05-29,50.67000
2017-05-30,45.36000
2017-05-31,168.16000
2017-06-01,100.04000
2017-06-02,61.36000
2017-06-03,91.58000
2017-06-04,125.66000
2017-06-05,274.58000
2017-06-06,85.30000
2017-06-07,46.07000
2017-06-08,33.16000
2017-06-09,65.80000
2017-06-10,67.27000
2017-06-11,149.93000
2017-06-12,98.63000
2017-06-13,144.57000
2017-06-14,48.72000
2017-06-15,67.05000
2017-06-16,80.07000
2017-06-17,91.38000
2017-06-18,147.78000
2017-06-19,75.30000
2017-06-20,93.24000
2017-06-21,90.96000
2017-06-22,93.79000
2017-06-23,135.04000
2017-06-24,80.87000
2017-06-25,92.98000
2017-06-26,44.92000
2017-06-27,93.10000
2017-06-28,95.31000
2017-06-29,65.45000
2017-06-30,111.89000
2017-07-01,129.61000
2017-07-02,168.71000
2017-07-03,101.66000
2017-07-04,57.70000
2017-07-05,57.04000
2017-07-06,76.45000
2017-07-07,160.41000
2017-07-08,107.61000
2017-07-09,120.39000
2017-07-10,92.94000
2017-07-11,85.23000
2017-07-12,70.04000
2017-07-13,73.54000
2017-07-14,90.61000
2017-07-15,49.96000
2017-07-16,147.91000
2017-07-17,92.60000
2017-07-18,88.82000
2017-07-19,51.42000
2017-07-20,100.40000
2017-07-21,73.36000
2017-07-22,64.94000
2017-07-23,134.15000
2017-07-24,305.98000
2017-07-25,162.68000
2017-07-26,80.27000
2017-07-27,40.48000
2017-07-28,45.32000
2017-07-29,74.67000
2017-07-30,126.82000
2017-07-31,80.96000
2017-08-01,70.77000
2017-08-02,57.38000
2017-08-03,61.00000
2017-08-04,63.90000
2017-08-05,91.21000
2017-08-06,94.98000
2017-08-07,96.65000
2017-08-08,56.87000
2017-08-09,62.08000
2017-08-10,66.59000
2017-08-11,41.93000
2017-08-12,134.54000
2017-08-13,105.01000
2017-08-14,88.94000
2017-08-15,86.83000
2017-08-16,47.71000
2017-08-17,56.82000
2017-08-18,60.34000
2017-08-19,121.57000
2017-08-20,89.23000
2017-08-21,60.63000
2017-08-22,74.28000
2017-08-23,69.07000
2017-08-24,42.90000
2017-08-25,72.15000
2017-08-26,49.31000
2017-08-27,101.92000
2017-08-28,80.49000
2017-08-29,81.46000
2017-08-30,42.02000
2017-08-31,43.34000
2017-09-01,57.53000
2017-09-02,61.98000
2017-09-03,102.58000
2017-09-04,78.97000
2017-09-05,142.33000
2017-09-06,198.18000
2017-09-07,88.44000
2017-09-08,68.98000
2017-09-09,71.97000
2017-09-10,93.84000
2017-09-11,94.13000
2017-09-12,59.02000
2017-09-13,71.31000
2017-09-14,120.33000
2017-09-15,72.36000
2017-09-16,46.38000
2017-09-17,121.57000
2017-09-18,68.55000
2017-09-19,58.25000
2017-09-20,52.37000
2017-09-21,55.35000
2017-09-22,63.09000
2017-09-23,77.20000
2017-09-24,118.20000
2017-09-25,105.42000
2017-09-26,58.14000
2017-09-27,63.54000
2017-09-28,103.05000
2017-09-29,107.61000
2017-09-30,44.96000
2017-10-01,67.15000
2017-10-02,75.31000
2017-10-03,52.47000
2017-10-04,48.06000
2017-10-05,40.99000
2017-10-06,85.68000
2017-10-07,35.77000
2017-10-08,89.65000
2017-10-09,42.94000
2017-10-10,74.46000
2017-10-11,60.44000
2017-10-12,37.61000
2017-10-13,63.88000
2017-10-14,61.43000
2017-10-15,65.84000
2017-10-16,98.42000
2017-10-17,49.38000
2017-10-18,100.11000
2017-10-19,82.48000
2017-10-20,62.32000
2017-10-21,59.05000
2017-10-22,108.51000
2017-10-23,136.20000
2017-10-24,37.25000
2017-10-25,60.11000
2017-10-26,114.37000
2017-10-27,87.39000
2017-10-28,58.75000
2017-10-29,105.50000
2017-10-30,64.62000
2017-10-31,50.39000
2017-11-01,66.70000
2017-11-02,85.31000
2017-11-03,103.89000
2017-11-04,63.24000
2017-11-05,120.72000
2017-11-06,92.35000
2017-11-07,100.93000
2017-11-08,67.48000
2017-11-09,65.11000
2017-11-10,56.77000
2017-11-11,61.32000
2017-11-12,170.54000
2017-11-13,134.97000
2017-11-14,107.88000
2017-11-15,58.10000
2017-11-16,83.79000
2017-11-17,98.62000
2017-11-18,52.98000
2017-11-19,119.38000
2017-11-20,79.50000
2017-11-21,199.49000
2017-11-22,52.93000
2017-11-23,61.97000
2017-11-24,34.88000
2017-11-25,48.73000
2017-11-26,105.07000
2017-11-27,31.11000
2017-11-28,206.63000
2017-11-29,103.98000
2017-11-30,101.48000
2017-12-01,86.95000
2017-12-02,93.82000
2017-12-03,87.52000
2017-12-04,101.07000
2017-12-05,95.44000
2017-12-06,57.79000
2017-12-07,40.69000
2017-12-08,63.52000
2017-12-09,129.89000
2017-12-10,87.45000
2017-12-11,81.46000
2017-12-12,66.43000
2017-12-13,52.01000
2017-12-14,32.59000
2017-12-15,104.84000
2017-12-16,95.65000
2017-12-17,141.38000
2017-12-18,94.77000
2017-12-19,82.40000
2017-12-20,57.20000
2017-12-21,92.94000
2017-12-22,72.69000
2017-12-23,133.94000
2017-12-24,158.85000
2017-12-25,101.81000
2017-12-26,106.31000
2017-12-27,58.44000
2017-12-28,63.24000
2017-12-29,146.43000
2017-12-30,45.33000
2017-12-31,174.90000
2018-01-01,178.30000
2018-01-02,111.20000
2018-01-03,52.45000
2018-01-04,243.48000
2018-01-05,108.68000
2018-01-06,83.81000
2018-01-07,164.82000
2018-01-08,77.28000
2018-01-09,157.58000
2018-01-10,89.18000
2018-01-11,111.72000
2018-01-12,107.69000
2018-01-13,171.33000
2018-01-14,176.99000
2018-01-15,272.42000
2018-01-16,61.57000
2018-01-17,61.83000
2018-01-18,115.86000
2018-01-19,88.34000
2018-01-20,85.40000
2018-01-21,132.01000
2018-01-22,110.72000
2018-01-23,74.52000
2018-01-24,93.27000
2018-01-25,77.97000
2018-01-26,110.00000
2018-01-27,109.21000
2018-01-28,105.65000
2018-01-29,85.23000
2018-01-30,68.45000
2018-01-31,71.84000
2018-02-01,49.78000
2018-02-02,61.20000
2018-02-03,44.00000
2018-02-04,145.10000
2018-02-05,145.79000
2018-02-06,92.59000
2018-02-07,58.29000
2018-02-08,89.29000
2018-02-09,82.68000
2018-02-10,138.06000
2018-02-11,145.19000
2018-02-12,80.89000
2018-02-13,104.55000
2018-02-14,107.01000
2018-02-15,88.63000
2018-02-16,80.52000
2018-02-17,63.93000
2018-02-18,103.24000
2018-02-19,53.44000
2018-02-20,80.15000
2018-02-21,95.81000
2018-02-22,50.25000
2018-02-23,55.72000
2018-02-24,42.18000
2018-02-25,126.87000
2018-02-26,68.60000
2018-02-27,52.64000
2018-02-28,46.68000
2018-03-01,69.30000
2018-03-02,39.63000
2018-03-03,34.62000
2018-03-04,98.68000
2018-03-05,148.37000
2018-03-06,133.87000
2018-03-07,87.33000
2018-03-08,57.00000
2018-03-09,132.57000
2018-03-10,67.61000
2018-03-11,170.78000
2018-03-12,107.40000
2018-03-13,54.85000
2018-03-14,79.61000
2018-03-15,43.98000
2018-03-16,110.96000
2018-03-17,132.51000
2018-03-18,83.03000
2018-03-19,74.64000
2018-03-20,79.32000
2018-03-21,55.83000
2018-03-22,57.36000
2018-03-23,66.64000
2018-03-24,53.20000
2018-03-25,61.37000
2018-03-26,89.77000
2018-03-27,22.48000
2018-03-28,26.48000
2018-03-29,16.75000
2018-03-30,44.07000
2018-03-31,67.64000
2018-04-01,111.65000
2018-04-02,167.71000
2018-04-03,88.73000
2018-04-04,52.90000
2018-04-05,109.08000
2018-04-06,70.62000
2018-04-07,106.96000
2018-04-08,151.12000
2018-04-09,275.14000
2018-04-10,56.17000
2018-04-11,79.88000
2018-04-12,190.11000
2018-04-13,141.34000
2018-04-14,71.29000
2018-04-15,84.70000
2018-04-16,65.26000
2018-04-17,65.55000
2018-04-18,71.44000
2018-04-19,46.61000
2018-04-20,47.54000
2018-04-21,19.59000
2018-04-22,70.06000
2018-04-23,66.91000
2018-04-24,35.09000
2018-04-25,108.69000
2018-04-26,68.42000
2018-04-27,25.82000
2018-04-28,57.83000
2018-04-29,65.00000
2018-04-30,86.67000
2018-05-01,101.87000
2018-05-02,95.92000
2018-05-03,57.16000
2018-05-04,38.51000
2018-05-05,175.19000
2018-05-06,122.37000
2018-05-07,96.74000
2018-05-08,100.02000
2018-05-09,62.20000
2018-05-10,74.02000
2018-05-11,78.27000
2018-05-12,115.07000
2018-05-13,71.37000
2018-05-14,127.21000
2018-05-15,42.73000
2018-05-16,50.06000
2018-05-17,74.49000
2018-05-18,129.32000
2018-05-19,118.29000
2018-05-20,57.04000
2018-05-21,87.84000
2018-05-22,92.17000
2018-05-23,171.23000
2018-05-24,48.90000
2018-05-25,102.10000
2018-05-26,45.88000
2018-05-27,75.50000
2018-05-28,49.45000
2018-05-29,50.44000
2018-05-30,135.21000
2018-05-31,77.32000
2018-06-01,109.62000
2018-06-02,110.85000
2018-06-03,56.64000
2018-06-04,80.79000
2018-06-05,36.31000
2018-06-06,37.98000
2018-06-07,55.99000
2018-06-08,112.51000
2018-06-09,152.77000
2018-06-10,170.95000
2018-06-11,138.36000
2018-06-12,235.59000
2018-06-13,137.07000
2018-06-14,96.72000
2018-06-15,68.71000
2018-06-16,82.17000
2018-06-17,105.30000
2018-06-18,79.32000
2018-06-19,165.86000
2018-06-20,222.05000
2018-06-21,71.67000
2018-06-22,80.35000
2018-06-23,40.76000
2018-06-24,85.36000
2018-06-25,63.53000
2018-06-26,218.91000
2018-06-27,39.58000
2018-06-28,89.28000
2018-06-29,54.02000
2018-06-30,114.66000
2018-07-01,136.20000
2018-07-02,80.26000
2018-07-03,119.73000
2018-07-04,87.20000
2018-07-05,80.07000
2018-07-06,184.49000
2018-07-07,121.36000
2018-07-08,164.84000
2018-07-09,110.48000
2018-07-10,81.98000
2018-07-11,40.76000
2018-07-12,84.92000
2018-07-13,74.75000
2018-07-14,54.33000
2018-07-15,146.72000
2018-07-16,89.31000
2018-07-17,58.55000
2018-07-18,75.12000
2018-07-19,55.33000
2018-07-20,132.11000
2018-07-21,108.30000
2018-07-22,156.61000
2018-07-23,78.59000
2018-07-24,77.37000
2018-07-25,57.92000
2018-07-26,104.65000
2018-07-27,61.47000
2018-07-28,99.78000
2018-07-29,117.40000
2018-07-30,153.38000
2018-07-31,91.35000
2018-08-01,57.71000
2018-08-02,117.93000
2018-08-03,87.73000
2018-08-04,107.88000
2018-08-05,141.99000
2018-08-06,112.91000
2018-08-07,72.24000
2018-08-08,56.98000
2018-08-09,69.96000
2018-08-10,76.97000
2018-08-11,44.22000
2018-08-12,109.73000
2018-08-13,88.52000
2018-08-14,55.18000
2018-08-15,20.08000
2018-08-16,30.89000
2018-08-17,62.36000
2018-08-18,96.63000
2018-08-19,96.59000
2018-08-20,45.18000
2018-08-21,81.92000
2018-08-22,38.52000
2018-08-23,89.75000
2018-08-24,80.33000
2018-08-25,139.94000
2018-08-26,96.04000
2018-08-27,108.44000
2018-08-28,165.65000
2018-08-29,92.96000
2018-08-30,90.46000
2018-08-31,121.46000
2018-09-01,46.12000
2018-09-02,98.80000
2018-09-03,115.11000
2018-09-04,74.36000
2018-09-05,37.66000
2018-09-06,68.50000
2018-09-07,67.90000
2018-09-08,89.41000
2018-09-09,92.74000
2018-09-10,47.25000
2018-09-11,49.37000
2018-09-12,40.31000
2018-09-13,29.73000
2018-09-14,36.10000
2018-09-15,62.01000
2018-09-16,103.72000
2018-09-17,100.71000
2018-09-18,71.72000
2018-09-19,74.06000
2018-09-20,54.24000
2018-09-21,88.17000
2018-09-22,74.22000
2018-09-23,124.25000
2018-09-24,89.13000
2018-09-25,55.65000
2018-09-26,37.16000
2018-09-27,22.95000
2018-09-28,52.38000
2018-09-29,33.38000
2018-09-30,83.77000
2018-10-01,166.69000
2018-10-02,130.93000
2018-10-03,107.49000
2018-10-04,119.36000
2018-10-05,66.64000
2018-10-06,66.47000
2018-10-07,197.77000
2018-10-08,112.49000
2018-10-09,31.39000
2018-10-10,58.99000
2018-10-11,68.38000
2018-10-12,103.11000
2018-10-13,70.22000
2018-10-14,92.58000
2018-10-15,85.80000
2018-10-16,109.71000
2018-10-17,77.94000
2018-10-18,100.13000
2018-10-19,70.30000
2018-10-20,61.88000
2018-10-21,118.94000
2018-10-22,89.49000
2018-10-23,52.04000
2018-10-24,73.60000
2018-10-25,89.53000
2018-10-26,65.53000
2018-10-27,79.20000
2018-10-28,136.61000
2018-10-29,64.23000
2018-10-30,51.28000
2018-10-31,79.07000
2018-11-01,84.17000
2018-11-02,82.99000
2018-11-03,77.39000
2018-11-04,223.53000
2018-11-05,90.47000
2018-11-06,148.95000
2018-11-07,61.17000
2018-11-08,51.63000
2018-11-09,41.01000
2018-11-10,54.44000
2018-11-11,64.34000
2018-11-12,42.33000
2018-11-13,64.87000
2018-11-14,53.94000
2018-11-15,55.04000
2018-11-16,30.47000
2018-11-17,34.95000
2018-11-18,90.25000
2018-11-19,10.92000
2018-11-20,29.26000
2018-11-21,46.86000
2018-11-22,21.81000
2018-11-23,24.17000
2018-11-24,49.06000
2018-11-25,168.06000
2018-11-26,168.44000
2018-11-27,93.08000
2018-11-28,100.92000
2018-11-29,183.21000
2018-11-30,136.43000
2018-12-01,142.31000
2018-12-02,167.46000
2018-12-03,158.49000
2018-12-04,109.29000
2018-12-05,83.26000
2018-12-06,110.19000
2018-12-07,101.45000
2018-12-08,123.21000
2018-12-09,130.49000
2018-12-10,71.08000
2018-12-11,88.44000
2018-12-12,57.97000
2018-12-13,121.67000
2018-12-14,86.56000
2018-12-15,90.26000
2018-12-16,186.66000
2018-12-17,101.75000
2018-12-18,103.24000
2018-12-19,114.17000
2018-12-20,79.38000
2018-12-21,144.91000
2018-12-22,10.92000
2018-12-23,261.36000
2018-12-24,141.79000
2018-12-25,171.11000
2018-12-26,198.19000
2018-12-27,161.10000
2018-12-28,156.65000
2018-12-29,116.81000
2018-12-30,213.53000
2018-12-31,149.82000
2019-01-01,204.03000
2019-01-02,146.97000
2019-01-03,212.58000
2019-01-04,153.15000
2019-01-05,4.70000
2019-01-06,230.39000
2019-01-07,148.61000
2019-01-08,259.25000
2019-01-09,120.42000
2019-01-10,148.84000
2019-01-11,170.68000
2019-01-12,175.61000
2019-01-13,120.96000
2019-01-14,223.58000
2019-01-15,104.39000
2019-01-16,173.46000
2019-01-17,168.92000
2019-01-18,154.17000
2019-01-19,109.00000
2019-01-20,178.48000
2019-01-21,216.29000
2019-01-22,107.95000
2019-01-23,88.26000
2019-01-24,106.06000
2019-01-25,105.17000
2019-01-26,107.16000
2019-01-27,218.94000
2019-01-28,73.71000
2019-01-29,62.53000
2019-01-30,123.71000
2019-01-31,126.24000
2019-02-01,95.81000
2019-02-02,82.06000
2019-02-03,134.38000
2019-02-04,216.31000
2019-02-05,87.75000
2019-02-06,145.25000
2019-02-07,93.79000
2019-02-08,76.81000
2019-02-09,49.63000
2019-02-10,95.37000
2019-02-11,59.53000
2019-02-12,45.91000
2019-02-13,93.01000
2019-02-14,35.99000
2019-02-15,55.54000
2019-02-16,27.08000
2019-02-17,10.92000
2019-02-18,57.35000
2019-02-19,79.79000
2019-02-20,65.36000
2019-02-21,87.44000
2019-02-22,115.34000
2019-02-23,93.12000
2019-02-24,4.05000
2019-02-25,84.03000
2019-02-26,68.54000
2019-02-27,128.81000
2019-02-28,125.24000
2019-03-01,110.76000
2019-03-02,118.68000
2019-03-03,101.11000
2019-03-04,71.01000
2019-03-05,138.38000
2019-03-06,78.64000
2019-03-07,138.86000
2019-03-08,81.81000
2019-03-09,67.73000
2019-03-10,138.96000
2019-03-11,161.35000
2019-03-12,93.23000
2019-03-13,81.38000
2019-03-14,56.33000
2019-03-15,66.48000
2019-03-16,65.37000
2019-03-17,101.36000
2019-03-18,77.23000
2019-03-19,82.83000
2019-03-20,75.89000
2019-03-21,91.17000
2019-03-22,83.99000
2019-03-23,102.40000
2019-03-24,127.53000
2019-03-25,69.27000
2019-03-26,78.28000
2019-03-27,92.66000
2019-03-28,53.74000
2019-03-29,91.25000
2019-03-30,101.92000
2019-03-31,134.75000
2019-04-01,117.34000
2019-04-02,130.56000
2019-04-03,81.95000
2019-04-04,82.78000
2019-04-05,50.15000
2019-04-06,108.22000
2019-04-07,127.54000
2019-04-08,58.07000
2019-04-09,60.19000
2019-04-10,71.78000
2019-04-11,54.57000
2019-04-12,75.79000
2019-04-13,66.73000
2019-04-14,161.23000
2019-04-15,76.25000
2019-04-16,58.10000
2019-04-17,63.24000
2019-04-18,56.96000
2019-04-19,48.34000
2019-04-20,52.37000
2019-04-21,83.39000
2019-04-22,78.68000
2019-04-23,56.96000
2019-04-24,60.14000
2019-04-25,76.31000
2019-04-26,67.89000
2019-04-27,56.25000
2019-04-28,107.52000
2019-04-29,97.53000
2019-04-30,75.34000
2019-05-01,112.75000
2019-05-02,30.20000
2019-05-03,57.65000
2019-05-04,71.39000
2019-05-05,98.38000
2019-05-06,93.78000
2019-05-07,111.09000
2019-05-08,101.81000
2019-05-09,67.46000
2019-05-10,108.12000
2019-05-11,46.84000
2019-05-12,155.26000
2019-05-13,94.65000
2019-05-14,126.65000
2019-05-15,132.30000
2019-05-16,94.72000
2019-05-17,117.89000
2019-05-18,95.04000
2019-05-19,95.86000
2019-05-20,95.08000
2019-05-21,73.80000
2019-05-22,69.80000
2019-05-23,71.04000
2019-05-24,144.24000
2019-05-25,151.55000
2019-05-26,138.34000
2019-05-27,102.04000
2019-05-28,69.48000
2019-05-29,55.62000
2019-05-30,50.84000
2019-05-31,94.35000
2019-06-01,97.55000
2019-06-02,159.79000
2019-06-03,72.86000
2019-06-04,120.06000
2019-06-05,217.51000
2019-06-06,137.43000
2019-06-07,242.25000
2019-06-08,139.29000
2019-06-09,174.61000
2019-06-10,162.10000
2019-06-11,130.24000
2019-06-12,116.03000
2019-06-13,143.87000
2019-06-14,145.07000
2019-06-15,175.49000
2019-06-16,198.50000
2019-06-17,82.16000
2019-06-18,146.35000
2019-06-19,77.89000
2019-06-20,116.67000
2019-06-21,178.92000
2019-06-22,127.09000
2019-06-23,245.77000
2019-06-24,92.75000
2019-06-25,74.19000
2019-06-26,142.51000
2019-06-27,64.08000
2019-06-28,129.48000
2019-06-29,96.20000
2019-06-30,114.41000
2019-07-01,174.62000
2019-07-02,144.12000
2019-07-03,126.27000
2019-07-04,96.84000
2019-07-05,72.83000
2019-07-06,93.29000
2019-07-07,180.55000
2019-07-08,72.06000
2019-07-09,40.14000
2019-07-10,45.62000
2019-07-11,103.84000
2019-07-12,72.49000
2019-07-13,126.95000
2019-07-14,58.43000
2019-07-15,72.19000
2019-07-16,53.41000
2019-07-17,77.06000
2019-07-18,61.63000
2019-07-19,61.84000
2019-07-20,28.88000
2019-07-21,112.14000
2019-07-22,75.32000
2019-07-23,114.24000
2019-07-24,79.72000
2019-07-25,40.68000
2019-07-26,116.11000
2019-07-27,174.53000
2019-07-28,133.67000
2019-07-29,86.97000
2019-07-30,139.24000
2019-07-31,103.01000
2019-08-01,150.20000
2019-08-02,117.41000
2019-08-03,153.64000
2019-08-04,87.14000
2019-08-05,83.03000
2019-08-06,84.05000
2019-08-07,92.22000
2019-08-08,93.48000
2019-08-09,92.35000
2019-08-10,57.72000
2019-08-11,123.95000
2019-08-12,109.59000
2019-08-13,70.10000
2019-08-14,133.71000
2019-08-15,144.25000
2019-08-16,105.71000
2019-08-17,176.17000
2019-08-18,196.87000
2019-08-19,144.84000
2019-08-20,229.29000
2019-08-21,278.29000
2019-08-22,186.06000
2019-08-23,268.83000
2019-08-24,386.19000
2019-08-25,321.21000
2019-08-26,267.98000
2019-08-27,173.50000
2019-08-28,132.75000
2019-08-29,100.25000
2019-08-30,116.43000
2019-08-31,135.02000
2019-09-01,242.38000
2019-09-02,229.98000
2019-09-03,95.61000
2019-09-04,92.02000
2019-09-05,106.57000
2019-09-06,130.51000
2019-09-07,160.77000
2019-09-08,128.76000
2019-09-09,65.84000
2019-09-10,64.63000
2019-09-11,58.52000
2019-09-12,100.33000
2019-09-13,103.12000
2019-09-14,103.05000
2019-09-15,154.30000
2019-09-16,67.24000
2019-09-17,79.18000
2019-09-18,72.64000
2019-09-19,184.82000
2019-09-20,98.34000
2019-09-21,139.28000
2019-09-22,133.98000
2019-09-23,134.52000
2019-09-24,120.81000
2019-09-25,144.83000
2019-09-26,60.07000
2019-09-27,101.26000
2019-09-28,97.83000
2019-09-29,165.02000
2019-09-30,113.00000
2019-10-01,65.08000
2019-10-02,92.82000
2019-10-03,46.59000
2019-10-04,105.75000
2019-10-05,200.44000
2019-10-06,192.80000
2019-10-07,137.56000
2019-10-08,165.35000
2019-10-09,62.58000
2019-10-10,119.93000
2019-10-11,95.08000
2019-10-12,88.08000
2019-10-13,80.63000
2019-10-14,108.55000
2019-10-15,68.05000
2019-10-16,114.65000
2019-10-17,156.80000
2019-10-18,64.05000
2019-10-19,60.31000
2019-10-20,56.13000
2019-10-21,57.74000
2019-10-22,42.25000
2019-10-23,80.02000
2019-10-24,56.27000
2019-10-25,67.88000
2019-10-26,78.83000
2019-10-27,166.39000
2019-10-28,28.94000
2019-10-29,134.13000
2019-10-30,111.12000
2019-10-31,133.29000
2019-11-01,35.14000
2019-11-02,135.00000
2019-11-03,143.99000
2019-11-04,75.66000
2019-11-05,129.40000
2019-11-06,48.77000
2019-11-07,67.84000
2019-11-08,127.43000
2019-11-09,125.21000
2019-11-10,118.98000
2019-11-11,101.72000
2019-11-12,89.57000
2019-11-13,106.88000
2019-11-14,53.75000
2019-11-15,56.77000
2019-11-16,91.22000
2019-11-17,125.90000
2019-11-18,19.85000
2019-11-19,33.14000
2019-11-20,46.27000
2019-11-21,65.17000
2019-11-22,83.86000
2019-11-23,63.35000
2019-11-24,110.11000
2019-11-25,41.17000
2019-11-26,37.49000
2019-11-27,37.18000
2019-11-28,97.06000
2019-11-29,122.19000
2019-11-30,41.19000
2019-12-01,99.73000
2019-12-02,86.08000
2019-12-03,69.28000
2019-12-04,64.18000
2019-12-05,36.86000
2019-12-06,134.85000
2019-12-07,174.94000
2019-12-08,219.84000
2019-12-09,130.15000
2019-12-10,189.13000
2019-12-11,111.83000
2019-12-12,99.79000
2019-12-13,164.40000
2019-12-14,139.75000
2019-12-15,110.44000
2019-12-16,79.66000
2019-12-17,140.79000
2019-12-18,89.87000
2019-12-19,70.52000
2019-12-20,141.48000
2019-12-21,155.23000
2019-12-22,190.14000
2019-12-23,110.91000
2019-12-24,97.08000
2019-12-25,43.46000
2019-12-26,106.92000
2019-12-27,127.92000
2019-12-28,123.10000
2019-12-29,245.14000
2019-12-30,101.31000
2019-12-31,105.75000
2020-01-01,186.06000
2020-01-02,139.13000
2020-01-03,108.10000
2020-01-04,212.82000
2020-01-05,173.76000
2020-01-06,147.96000
2020-01-07,103.98000
2020-01-08,91.15000
2020-01-09,71.92000
2020-01-10,74.58000
2020-01-11,127.36000
2020-01-12,159.24000
2020-01-13,124.82000
2020-01-14,109.27000
2020-01-15,98.77000
2020-01-16,88.05000
2020-01-17,77.76000
2020-01-18,89.29000
2020-01-19,162.21000
2020-01-20,96.05000
2020-01-21,87.56000
2020-01-22,77.19000
2020-01-23,70.67000
2020-01-24,48.48000
2020-01-25,78.77000
2020-01-26,137.56000
2020-01-27,22.25000
2020-01-28,94.68000
2020-01-29,88.62000
2020-01-30,142.05000
2020-01-31,122.20000
2020-02-01,147.37000
2020-02-02,104.49000
2020-02-03,124.15000
2020-02-04,111.96000
2020-02-05,84.94000
2020-02-06,81.75000
2020-02-07,130.27000
2020-02-08,87.80000
2020-02-09,113.95000
2020-02-10,111.39000
2020-02-11,152.71000
2020-02-12,79.26000
2020-02-13,82.23000
2020-02-14,71.98000
2020-02-15,82.10000
2020-02-16,131.52000
2020-02-17,82.54000
2020-02-18,77.38000
2020-02-19,56.47000
2020-02-20,103.70000
2020-02-21,106.59000
2020-02-22,177.27000
2020-02-23,144.34000
2020-02-24,88.73000
2020-02-25,147.84000
2020-02-26,97.49000
2020-02-27,106.55000
2020-02-28,172.45000
2020-02-29,225.32000
2020-03-01,175.73000
2020-03-02,153.53000
2020-03-03,132.55000
2020-03-04,197.20000
2020-03-05,118.02000
2020-03-06,132.50000
2020-03-07,122.57000
2020-03-08,250.63000
2020-03-09,276.24000
2020-03-10,296.12000
2020-03-11,234.73000
2020-03-12,187.08000
2020-03-13,330.85000
2020-03-14,236.03000
2020-03-15,468.43000
2020-03-16,323.71000
2020-03-17,378.92000
2020-03-18,455.45000
2020-03-19,514.67000
2020-03-20,633.51000
2020-03-21,538.95000
2020-03-22,651.07000
2020-03-23,572.94000
2020-03-24,596.78000
2020-03-25,449.86000
2020-03-26,670.30000
2020-03-27,557.18000
2020-03-28,515.39000
2020-03-29,743.13000
2020-03-30,361.46000
2020-03-31,516.55000
2020-04-01,474.81000
2020-04-02,738.02000
2020-04-03,540.50000
2020-04-04,636.21000
2020-04-05,739.55000
2020-04-06,605.38000
2020-04-07,468.08000
2020-04-08,524.13000
2020-04-09,417.54000
2020-04-10,461.87000
2020-04-11,547.40000
2020-04-12,558.22000
2020-04-13,638.81000
2020-04-14,441.32000
2020-04-15,455.68000
2020-04-16,505.52000
2020-04-17,573.70000
2020-04-18,529.03000
2020-04-19,594.11000
2020-04-20,618.66000
2020-04-21,599.13000
2020-04-22,511.42000
2020-04-23,505.54000
2020-04-24,562.50000
2020-04-25,555.71000
2020-04-26,855.17000
2020-04-27,642.66000
2020-04-28,479.89000
2020-04-29,439.11000
2020-04-30,440.07000
2020-05-01,516.72000
2020-05-02,387.24000
2020-05-03,541.24000
2020-05-04,449.38000
2020-05-05,807.66000
2020-05-06,498.71000
2020-05-07,504.24000
2020-05-08,488.53000
2020-05-09,621.96000
2020-05-10,536.09000
2020-05-11,527.36000
2020-05-12,442.15000
2020-05-13,553.21000
2020-05-14,508.02000
2020-05-15,374.22000
2020-05-16,385.27000
2020-05-17,861.10000
2020-05-18,511.62000
2020-05-19,363.66000
2020-05-20,420.68000
2020-05-21,361.11000
2020-05-22,418.96000
2020-05-23,441.45000
2020-05-24,458.16000
2020-05-25,462.96000
2020-05-26,389.21000
2020-05-27,355.10000
2020-05-28,421.99000
2020-05-29,426.28000
2020-05-30,418.18000
2020-05-31,557.19000
2020-06-01,226.80000
2020-06-02,257.49000
2020-06-03,287.17000
2020-06-04,231.24000
2020-06-05,235.07000
2020-06-06,277.42000
2020-06-07,391.21000
2020-06-08,318.64000
2020-06-09,191.32000
2020-06-10,237.88000
2020-06-11,317.86000
2020-06-12,293.12000
2020-06-13,373.28000
2020-06-14,397.45000
2020-06-15,300.34000
2020-06-16,319.69000
2020-06-17,348.40000
2020-06-18,322.96000
2020-06-19,450.64000
2020-06-20,515.46000
2020-06-21,413.51000
2020-06-22,259.55000
2020-06-23,309.15000
2020-06-24,224.40000
2020-06-25,225.72000
2020-06-26,260.33000
2020-06-27,276.22000
2020-06-28,561.21000
2020-06-29,301.58000
2020-06-30,292.37000
2020-07-01,329.62000
2020-07-02,249.70000
2020-07-03,412.01000
2020-07-04,347.74000
2020-07-05,415.94000
2020-07-06,389.20000
2020-07-07,278.61000
2020-07-08,319.33000
2020-07-09,267.49000
2020-07-10,259.27000
2020-07-11,237.89000
2020-07-12,496.99000
2020-07-13,212.54000
2020-07-14,308.28000
2020-07-15,352.74000
2020-07-16,313.71000
2020-07-17,555.06000
2020-07-18,388.97000
2020-07-19,640.00000
2020-07-20,430.14000
2020-07-21,423.52000
2020-07-22,297.02000
2020-07-23,282.10000
2020-07-24,290.25000
2020-07-25,279.85000
2020-07-26,465.25000
2020-07-27,521.96000
2020-07-28,315.73000
2020-07-29,370.27000
2020-07-30,307.77000
2020-07-31,384.08000
2020-08-01,304.70000
2020-08-02,405.97000
2020-08-03,271.04000
2020-08-04,391.33000
2020-08-05,253.99000
2020-08-06,285.63000
2020-08-07,276.70000
2020-08-08,353.43000
2020-08-09,398.91000
2020-08-10,388.62000
2020-08-11,359.14000
2020-08-12,202.20000
2020-08-13,282.72000
2020-08-14,345.80000
2020-08-15,324.57000
2020-08-16,531.90000
2020-08-17,350.55000
2020-08-18,341.68000
2020-08-19,216.18000
2020-08-20,250.25000
2020-08-21,286.03000
2020-08-22,217.76000
2020-08-23,380.20000
2020-08-24,186.90000
2020-08-25,213.68000
2020-08-26,154.27000
2020-08-27,180.61000
2020-08-28,296.28000
2020-08-29,339.77000
2020-08-30,296.28000
2020-08-31,169.10000
2020-09-01,204.69000
2020-09-02,237.83000
2020-09-03,243.52000
2020-09-04,224.01000
2020-09-05,258.22000
2020-09-06,484.25000
2020-09-07,491.37000
2020-09-08,208.78000
2020-09-09,209.54000
2020-09-10,218.10000
2020-09-11,237.03000
2020-09-12,218.84000
2020-09-13,318.66000
2020-09-14,270.62000
2020-09-15,245.27000
2020-09-16,244.64000
2020-09-17,248.91000
2020-09-18,244.41000
2020-09-19,187.42000
2020-09-20,437.15000
2020-09-21,177.56000
2020-09-22,126.10000
2020-09-23,161.46000
2020-09-24,246.25000
2020-09-25,252.32000
2020-09-26,134.92000
2020-09-27,317.07000
2020-09-28,189.79000
2020-09-29,185.60000
2020-09-30,207.77000
2020-10-01,259.50000
2020-10-02,390.29000
2020-10-03,340.62000
2020-10-04,332.63000
2020-10-05,273.84000
2020-10-06,334.28000
2020-10-07,426.88000
2020-10-08,294.91000
2020-10-09,306.70000
2020-10-10,396.92000
2020-10-11,492.14000
2020-10-12,289.70000
2020-10-13,220.87000
2020-10-14,341.81000
2020-10-15,141.19000
2020-10-16,200.48000
2020-10-17,161.13000
2020-10-18,285.62000
2020-10-19,249.35000
2020-10-20,234.01000
2020-10-21,158.05000
2020-10-22,167.77000
2020-10-23,138.34000
2020-10-24,129.44000
2020-10-25,369.86000
2020-10-26,294.62000
2020-10-27,187.07000
2020-10-28,234.14000
2020-10-29,298.36000
2020-10-30,277.43000
2020-10-31,186.36000
2020-11-01,271.71000
2020-11-02,418.93000
2020-11-03,335.30000
2020-11-04,370.70000
2020-11-05,303.07000
2020-11-06,390.29000
2020-11-07,452.23000
2020-11-08,416.76000
2020-11-09,254.34000
2020-11-10,192.03000
2020-11-11,252.06000
2020-11-12,184.25000
2020-11-13,123.79000
2020-11-14,225.66000
2020-11-15,218.90000
2020-11-16,254.24000
2020-11-17,196.81000
2020-11-18,154.81000
2020-11-19,224.65000
2020-11-20,230.20000
2020-11-21,196.02000
2020-11-22,359.33000
2020-11-23,415.59000
2020-11-24,262.51000
2020-11-25,276.82000
2020-11-26,157.55000
2020-11-27,238.32000
2020-11-28,149.05000
2020-11-29,258.52000
2020-11-30,156.15000
2020-12-01,248.20000
2020-12-02,156.70000
2020-12-03,189.91000
2020-12-04,215.13000
2020-12-05,141.89000
2020-12-06,363.84000
2020-12-07,269.89000
2020-12-08,259.64000
2020-12-09,144.77000
2020-12-10,256.04000
2020-12-11,122.30000
2020-12-12,141.22000
2020-12-13,379.17000
2020-12-14,186.91000
2020-12-15,139.29000
2020-12-16,136.12000
2020-12-17,195.87000
2020-12-18,146.67000
2020-12-19,154.77000
2020-12-20,196.41000
2020-12-21,246.79000
2020-12-22,147.55000
2020-12-23,291.07000
2020-12-24,256.16000
2020-12-25,174.42000
2020-12-26,699.78000
2020-12-27,358.97000
2020-12-28,217.47000
2020-12-29,286.36000
2020-12-30,368.46000
2020-12-31,307.12000
2021-01-01,429.48000
2021-01-02,190.39000
2021-01-03,324.05000
2021-01-04,233.30000
2021-01-05,208.61000
2021-01-06,139.81000
2021-01-07,124.29000
2021-01-08,104.80000
2021-01-09,115.22000
2021-01-10,283.14000
2021-01-11,308.70000
2021-01-12,229.15000
2021-01-13,223.57000
2021-01-14,157.94000
2021-01-15,149.93000
2021-01-16,228.30000
2021-01-17,209.94000
2021-01-18,159.60000
2021-01-19,170.18000
2021-01-20,309.33000
2021-01-21,280.95000
2021-01-22,192.00000
2021-01-23,147.81000
2021-01-24,291.37000
2021-01-25,241.85000
2021-01-26,254.93000
2021-01-27,251.13000
2021-01-28,150.00000
2021-01-29,248.96000
2021-01-30,139.41000
2021-01-31,199.79000
2021-02-01,144.04000
2021-02-02,282.75000
2021-02-03,145.65000
2021-02-04,129.36000
2021-02-05,111.20000
2021-02-06,99.84000
2021-02-07,200.27000
2021-02-08,232.61000
2021-02-09,84.45000
2021-02-10,113.01000
2021-02-11,121.93000
2021-02-12,211.29000
2021-02-13,180.00000
2021-02-14,153.61000
2021-02-15,152.79000
2021-02-16,150.29000
2021-02-17,84.88000
2021-02-18,148.02000
2021-02-19,106.51000
2021-02-20,107.05000
2021-02-21,135.80000
2021-02-22,132.30000
2021-02-23,145.25000
2021-02-24,186.94000
2021-02-25,124.74000
2021-02-26,223.25000
2021-02-27,220.62000
2021-02-28,194.65000
2021-03-01,257.79000
2021-03-02,122.00000
2021-03-03,103.44000
2021-03-04,76.48000
2021-03-05,231.03000
2021-03-06,206.96000
2021-03-07,229.10000
2021-03-08,328.48000
2021-03-09,167.78000
2021-03-10,195.33000
2021-03-11,275.24000
2021-03-12,106.71000
2021-03-13,108.34000
2021-03-14,216.17000
2021-03-15,206.85000
2021-03-16,87.46000
2021-03-17,187.89000
2021-03-18,180.02000
2021-03-19,211.66000
2021-03-20,301.26000
2021-03-21,152.98000
2021-03-22,275.36000
2021-03-23,193.53000
2021-03-24,126.24000
2021-03-25,142.05000
2021-03-26,108.99000
2021-03-27,87.78000
2021-03-28,155.99000
2021-03-29,177.66000
2021-03-30,121.16000
2021-03-31,136.03000
2021-04-01,76.09000
2021-04-02,130.61000
2021-04-03,120.78000
2021-04-04,210.38000
2021-04-05,181.60000
2021-04-06,125.46000
2021-04-07,205.44000
2021-04-08,115.07000
2021-04-09,115.04000
2021-04-10,138.65000
2021-04-11,300.55000
2021-04-12,69.60000
2021-04-13,112.82000
2021-04-14,65.13000
2021-04-15,111.93000
2021-04-16,86.85000
2021-04-17,108.04000
2021-04-18,128.86000
2021-04-19,92.00000
2021-04-20,89.99000
2021-04-21,100.71000
2021-04-22,70.82000
2021-04-23,102.84000
2021-04-24,76.35000
2021-04-25,106.95000
2021-04-26,84.99000
2021-04-27,165.42000
2021-04-28,102.30000
2021-04-29,153.32000
2021-04-30,125.83000
2021-05-01,107.85000
2021-05-02,184.50000
2021-05-03,297.27000
2021-05-04,119.21000
2021-05-05,176.89000
2021-05-06,142.39000
2021-05-07,170.41000
2021-05-08,134.18000
2021-05-09,114.95000
2021-05-10,168.80000
2021-05-11,175.89000
2021-05-12,78.70000
2021-05-13,94.65000
2021-05-14,100.11000
2021-05-15,53.80000
2021-05-16,129.76000
2021-05-17,128.94000
2021-05-18,96.41000
2021-05-19,147.69000
2021-05-20,189.22000
2021-05-21,108.94000
2021-05-22,80.84000
2021-05-23,181.82000
2021-05-24,183.43000
2021-05-25,145.60000
2021-05-26,71.66000
2021-05-27,70.25000
2021-05-28,171.86000
2021-05-29,20.63000
2021-05-30,91.45000
2021-05-31,74.69000
2021-06-01,176.43000
2021-06-02,83.31000
2021-06-03,109.44000
2021-06-04,68.00000
2021-06-05,48.51000
2021-06-06,122.76000
2021-06-07,111.43000
2021-06-08,109.81000
2021-06-09,131.85000
2021-06-10,122.88000
2021-06-11,97.74000
2021-06-12,63.44000
2021-06-13,127.53000
2021-06-14,117.23000
2021-06-15,109.37000
2021-06-16,104.83000
2021-06-17,94.44000
2021-06-18,142.32000
2021-06-19,64.25000
2021-06-20,95.85000
2021-06-21,174.11000
2021-06-22,100.00000
2021-06-23,60.28000
2021-06-24,113.04000
2021-06-25,92.88000
2021-06-26,73.15000
2021-06-27,302.87000
2021-06-28,168.47000
2021-06-29,74.51000
2021-06-30,133.65000
2021-07-01,82.66000
2021-07-02,133.09000
2021-07-03,82.15000
2021-07-04,160.07000
2021-07-05,144.78000
2021-07-06,199.58000
2021-07-07,57.23000
2021-07-08,67.69000
2021-07-09,84.30000
2021-07-10,113.60000
2021-07-11,118.92000
2021-07-12,144.11000
2021-07-13,192.35000
2021-07-14,98.68000
2021-07-15,153.82000
2021-07-16,140.71000
2021-07-17,126.48000
2021-07-18,216.59000
2021-07-19,103.99000
2021-07-20,130.37000
2021-07-21,185.19000
2021-07-22,91.10000
2021-07-23,138.66000
2021-07-24,89.31000
2021-07-25,170.04000
2021-07-26,125.45000
2021-07-27,132.55000
2021-07-28,152.66000
2021-07-29,144.40000
2021-07-30,133.44000
2021-07-31,116.35000
2021-08-01,125.09000
2021-08-02,124.58000
2021-08-03,77.81000
2021-08-04,67.39000
2021-08-05,179.01000
2021-08-06,107.12000
2021-08-07,57.90000
2021-08-08,241.48000
2021-08-09,134.96000
2021-08-10,399.87000
2021-08-11,96.07000
2021-08-12,90.39000
2021-08-13,101.40000
2021-08-14,95.63000
2021-08-15,91.76000
2021-08-16,131.18000
2021-08-17,113.72000
2021-08-18,113.23000
2021-08-19,78.58000
2021-08-20,85.35000
2021-08-21,70.76000
2021-08-22,304.68000
2021-08-23,177.96000
2021-08-24,86.77000
2021-08-25,74.18000
2021-08-26,54.90000
2021-08-27,69.52000
2021-08-28,147.47000
2021-08-29,105.19000
2021-08-30,77.75000
2021-08-31,166.77000
2021-09-01,88.74000
2021-09-02,72.75000
2021-09-03,88.32000
2021-09-04,78.80000
2021-09-05,229.72000
2021-09-06,222.33000
2021-09-07,165.86000
2021-09-08,118.66000
2021-09-09,56.89000
2021-09-10,72.22000
2021-09-11,96.32000
2021-09-12,152.30000
2021-09-13,209.02000
2021-09-14,135.76000
2021-09-15,106.93000
2021-09-16,44.76000
2021-09-17,83.45000
2021-09-18,63.85000
2021-09-19,91.65000
2021-09-20,159.31000
2021-09-21,196.08000
2021-09-22,98.64000
2021-09-23,79.10000
2021-09-24,86.86000
2021-09-25,82.85000
2021-09-26,108.75000
2021-09-27,243.51000
2021-09-28,126.30000
2021-09-29,104.63000
2021-09-30,142.53000
2021-10-01,88.83000
2021-10-02,100.28000
2021-10-03,166.17000
2021-10-04,148.03000
2021-10-05,97.14000
2021-10-06,145.53000
2021-10-07,100.93000
2021-10-08,96.69000
2021-10-09,248.61000
2021-10-10,122.30000
2021-10-11,85.57000
2021-10-12,90.52000
2021-10-13,111.12000
2021-10-14,94.34000
2021-10-15,65.19000
2021-10-16,86.82000
2021-10-17,238.11000
2021-10-18,159.77000
2021-10-19,73.95000
2021-10-20,59.85000
2021-10-21,69.73000
2021-10-22,101.73000
2021-10-23,69.32000
2021-10-24,185.92000
2021-10-25,102.62000
2021-10-26,99.45000
2021-10-27,63.73000
2021-10-28,90.49000
2021-10-29,77.35000
2021-10-30,61.28000
2021-10-31,97.73000
2021-11-01,136.17000
2021-11-02,110.75000
2021-11-03,188.57000
2021-11-04,156.80000
2021-11-05,211.53000
2021-11-06,205.66000
2021-11-07,264.34000
2021-11-08,363.38000
2021-11-09,149.84000
2021-11-10,39.00000
2021-11-11,65.66000
2021-11-12,202.74000
2021-11-13,79.21000
2021-11-14,173.41000
2021-11-15,107.90000
2021-11-16,112.32000
2021-11-17,114.88000
2021-11-18,141.80000
2021-11-19,120.37000
2021-11-20,192.70000
2021-11-21,87.77000
2021-11-22,92.12000
2021-11-23,98.64000
2021-11-24,131.12000
2021-11-25,58.34000
2021-11-26,57.97000
2021-11-27,44.45000
2021-11-28,126.10000
2021-11-29,103.80000
2021-11-30,117.24000
2021-12-01,108.42000
2021-12-02,90.40000
2021-12-03,219.57000
2021-12-04,169.90000
2021-12-05,173.55000
2021-12-06,90.05000
2021-12-07,121.78000
2021-12-08,94.23000
2021-12-09,59.47000
2021-12-10,78.93000
2021-12-11,84.96000
2021-12-12,184.54000
2021-12-13,214.47000
2021-12-14,76.16000
2021-12-15,103.80000
2021-12-16,152.15000
2021-12-17,130.93000
2021-12-18,111.46000
2021-12-19,185.69000
2021-12-20,118.72000
2021-12-21,164.17000
2021-12-22,130.79000
2021-12-23,171.54000
2021-12-24,98.90000
2021-12-25,203.29000
2021-12-26,271.90000
2021-12-27,179.41000
2021-12-28,113.84000
2021-12-29,84.18000
2021-12-30,131.66000
2021-12-31,132.09000
2022-01-01,169.59000
2022-01-02,157.01000
2022-01-03,146.60000
2022-01-04,192.08000
2022-01-05,111.08000
2022-01-06,235.10000
2022-01-07,57.41000
2022-01-08,139.45000
2022-01-09,115.26000
2022-01-10,120.25000
2022-01-11,77.55000
2022-01-12,91.97000
2022-01-13,57.28000
2022-01-14,73.63000
2022-01-15,169.90000
2022-01-16,507.73000
2022-01-17,174.94000
2022-01-18,77.00000
2022-01-19,71.25000
2022-01-20,72.93000
2022-01-21,126.04000
2022-01-22,52.51000
2022-01-23,122.72000
2022-01-24,273.48000
2022-01-25,190.88000
2022-01-26,146.78000
2022-01-27,164.89000
2022-01-28,129.34000
2022-01-29,126.32000
2022-01-30,179.99000
2022-01-31,184.81000
2022-02-01,143.53000
2022-02-02,101.01000
2022-02-03,93.56000
2022-02-04,171.57000
2022-02-05,111.26000
2022-02-06,121.68000
2022-02-07,97.27000
2022-02-08,115.82000
2022-02-09,83.48000
2022-02-10,84.38000
2022-02-11,67.68000
2022-02-12,85.27000
2022-02-13,155.44000
2022-02-14,201.81000
2022-02-15,109.46000
2022-02-16,73.91000
2022-02-17,107.10000
2022-02-18,180.25000
2022-02-19,139.80000
2022-02-20,133.87000
2022-02-21,114.20000
2022-02-22,180.27000
2022-02-23,89.64000
2022-02-24,156.68000
2022-02-25,161.59000
2022-02-26,175.73000
2022-02-27,160.39000
2022-02-28,167.06000
2022-03-01,188.05000
2022-03-02,134.88000
2022-03-03,204.82000
2022-03-04,219.09000
2022-03-05,212.98000
2022-03-06,142.22000
2022-03-07,164.70000
2022-03-08,165.06000
2022-03-09,142.59000
2022-03-10,150.53000
2022-03-11,232.96000
2022-03-12,174.06000
2022-03-13,352.88000
2022-03-14,222.54000
2022-03-15,154.33000
2022-03-16,216.66000
2022-03-17,137.82000
2022-03-18,171.27000
2022-03-19,100.89000
2022-03-20,161.71000
2022-03-21,239.83000
2022-03-22,137.53000
2022-03-23,116.56000
2022-03-24,128.23000
2022-03-25,209.01000
2022-03-26,204.08000
2022-03-27,396.70000
2022-03-28,322.10000
2022-03-29,193.93000
2022-03-30,105.19000
2022-03-31,81.85000
2022-04-01,114.29000
2022-04-02,160.34000
2022-04-03,65.82000
2022-04-04,115.67000
2022-04-05,126.89000
2022-04-06,168.21000
2022-04-07,171.04000
2022-04-08,124.74000
2022-04-09,92.39000
2022-04-10,324.04000
2022-04-11,241.25000
2022-04-12,103.12000
2022-04-13,90.43000
2022-04-14,142.29000
2022-04-15,98.36000
2022-04-16,85.21000
2022-04-17,105.38000
2022-04-18,93.03000
2022-04-19,276.08000
2022-04-20,95.07000
2022-04-21,89.05000
2022-04-22,148.56000
2022-04-23,112.10000
2022-04-24,131.87000
2022-04-25,126.90000
2022-04-26,130.06000
2022-04-27,69.39000
2022-04-28,80.21000
2022-04-29,126.12000
2022-04-30,281.50000
2022-05-01,150.39000
2022-05-02,99.33000
2022-05-03,103.64000
2022-05-04,123.78000
2022-05-05,87.92000
2022-05-06,212.50000
2022-05-07,108.42000
2022-05-08,307.96000
2022-05-09,97.81000
2022-05-10,135.75000
2022-05-11,102.02000
2022-05-12,144.73000
2022-05-13,140.00000
2022-05-14,130.88000
2022-05-15,184.23000
2022-05-16,124.37000
2022-05-17,101.23000
2022-05-18,97.83000
2022-05-19,157.59000
2022-05-20,185.12000
2022-05-21,157.27000
2022-05-22,247.40000
2022-05-23,135.77000
2022-05-24,135.79000
2022-05-25,100.89000
2022-05-26,132.56000
2022-05-27,145.02000
2022-05-28,61.72000
2022-05-29,79.32000
2022-05-30,82.99000
2022-05-31,72.90000
2022-06-01,161.66000
2022-06-02,144.13000
2022-06-03,163.85000
2022-06-04,88.70000
2022-06-05,139.95000
2022-06-06,127.27000
2022-06-07,167.65000
2022-06-08,110.13000
2022-06-09,112.11000
2022-06-10,93.65000
2022-06-11,80.16000
2022-06-12,124.32000
2022-06-13,95.37000
2022-06-14,120.62000
2022-06-15,140.82000
2022-06-16,189.54000
2022-06-17,108.29000
2022-06-18,143.96000
2022-06-19,184.49000
2022-06-20,165.42000
2022-06-21,140.11000
2022-06-22,96.97000
2022-06-23,96.96000
2022-06-24,111.86000
2022-06-25,91.56000
2022-06-26,239.87000
2022-06-27,140.94000
2022-06-28,129.96000
2022-06-29,135.33000
2022-06-30,158.37000
2022-07-01,177.73000
2022-07-02,130.95000
2022-07-03,135.95000
2022-07-04,309.83000
2022-07-05,116.59000
2022-07-06,91.52000
2022-07-07,93.67000
2022-07-08,104.33000
2022-07-09,104.17000
2022-07-10,210.30000
2022-07-11,200.30000
2022-07-12,126.67000
2022-07-13,52.82000
2022-07-14,203.03000
2022-07-15,210.77000
2022-07-16,214.90000
2022-07-17,195.72000
2022-07-18,182.94000
2022-07-19,177.18000
2022-07-20,113.33000
2022-07-21,132.76000
2022-07-22,138.82000
2022-07-23,100.99000
2022-07-24,209.57000
2022-07-25,120.62000
2022-07-26,94.68000
2022-07-27,181.99000
2022-07-28,111.00000
2022-07-29,130.23000
2022-07-30,61.72000
2022-07-31,118.84000
2022-08-01,141.32000
2022-08-02,96.66000
2022-08-03,115.69000
2022-08-04,78.43000
2022-08-05,107.43000
2022-08-06,265.44000
2022-08-07,187.10000
2022-08-08,227.88000
2022-08-09,189.05000
2022-08-10,84.30000
2022-08-11,99.36000
2022-08-12,48.55000
2022-08-13,112.14000
2022-08-14,95.08000
2022-08-15,145.63000
2022-08-16,103.94000
2022-08-17,75.77000
2022-08-18,92.67000
2022-08-19,98.49000
2022-08-20,49.35000
2022-08-21,149.65000
2022-08-22,169.02000
2022-08-23,93.31000
2022-08-24,137.29000
2022-08-25,66.37000
2022-08-26,121.88000
2022-08-27,96.29000
2022-08-28,138.76000
2022-08-29,97.52000
2022-08-30,83.23000
2022-08-31,126.46000
2022-09-01,75.93000
2022-09-02,65.23000
2022-09-03,65.72000
2022-09-04,95.37000
2022-09-05,158.69000
2022-09-06,91.55000
2022-09-07,87.66000
2022-09-08,47.62000
2022-09-09,66.03000
2022-09-10,64.78000
2022-09-11,141.95000
2022-09-12,162.37000
2022-09-13,95.35000
2022-09-14,116.73000
2022-09-15,118.58000
2022-09-16,123.30000
2022-09-17,125.98000
2022-09-18,131.17000
2022-09-19,65.09000
2022-09-20,78.61000
2022-09-21,70.88000
2022-09-22,139.20000
2022-09-23,133.87000
2022-09-24,114.37000
2022-09-25,127.96000
2022-09-26,85.96000
2022-09-27,194.98000
2022-09-28,155.79000
2022-09-29,93.12000
2022-09-30,192.84000
2022-10-01,101.92000
2022-10-02,296.28000
2022-10-03,146.03000
2022-10-04,148.79000
2022-10-05,153.24000
2022-10-06,168.97000
2022-10-07,139.82000
2022-10-08,100.81000
2022-10-09,128.12000
2022-10-10,181.40000
2022-10-11,155.85000
2022-10-12,186.85000
2022-10-13,169.02000
2022-10-14,180.93000
2022-10-15,120.40000
2022-10-16,208.79000
2022-10-17,129.16000
2022-10-18,73.35000
2022-10-19,70.66000
2022-10-20,78.35000
2022-10-21,107.34000
2022-10-22,72.32000
2022-10-23,140.06000
2022-10-24,168.29000
2022-10-25,104.95000
2022-10-26,84.81000
2022-10-27,150.79000
2022-10-28,204.29000
2022-10-29,87.03000
2022-10-30,114.98000
2022-10-31,161.13000
2022-11-01,127.48000
2022-11-02,98.20000
2022-11-03,140.73000
2022-11-04,122.07000
2022-11-05,66.38000
2022-11-06,116.64000
2022-11-07,245.52000
2022-11-08,123.60000
2022-11-09,146.60000
2022-11-10,119.57000
2022-11-11,183.98000
2022-11-12,198.23000
2022-11-13,228.73000
2022-11-14,215.52000
2022-11-15,95.09000
2022-11-16,107.83000
2022-11-17,91.22000
2022-11-18,133.39000
2022-11-19,110.60000
2022-11-20,255.53000
2022-11-21,122.23000
2022-11-22,125.51000
2022-11-23,183.38000
2022-11-24,226.25000
2022-11-25,189.26000
2022-11-26,119.31000
2022-11-27,173.32000
2022-11-28,183.05000
2022-11-29,90.52000
2022-11-30,89.90000
2022-12-01,177.11000
2022-12-02,48.03000
2022-12-03,83.30000
2022-12-04,339.06000
2022-12-05,187.14000
2022-12-06,105.68000
2022-12-07,151.37000
2022-12-08,81.81000
2022-12-09,114.31000
2022-12-10,61.00000
2022-12-11,223.06000
2022-12-12,169.70000
2022-12-13,122.35000
2022-12-14,120.90000
2022-12-15,114.95000
2022-12-16,99.07000
2022-12-17,84.76000
2022-12-18,103.12000
2022-12-19,87.27000
2022-12-20,72.84000
2022-12-21,147.63000
2022-12-22,98.69000
2022-12-23,84.14000
2022-12-24,73.31000
2022-12-25,343.59000
2022-12-26,170.29000
2022-12-27,69.63000
2022-12-28,85.90000
2022-12-29,123.69000
2022-12-30,199.30000
2022-12-31,162.78000
2023-01-01,433.38000
2023-01-02,185.33000
2023-01-03,117.51000
2023-01-04,114.20000
2023-01-05,176.01000
2023-01-06,158.88000
2023-01-07,168.63000
2023-01-08,204.85000
2023-01-09,152.46000
2023-01-10,386.40000
2023-01-11,363.54000
2023-01-12,189.12000
2023-01-13,141.90000
2023-01-14,176.67000
2023-01-15,261.68000
2023-01-16,166.40000
2023-01-17,73.48000
2023-01-18,310.22000
2023-01-19,106.09000
2023-01-20,119.89000
2023-01-21,89.56000
2023-01-22,258.78000
2023-01-23,326.16000
2023-01-24,123.28000
2023-01-25,113.38000
2023-01-26,72.53000
2023-01-27,110.89000
2023-01-28,114.20000
2023-01-29,225.17000
2023-01-30,190.98000
2023-01-31,158.19000
2023-02-01,137.21000
2023-02-02,116.99000
2023-02-03,115.81000
2023-02-04,99.82000
2023-02-05,90.75000
2023-02-06,219.03000
2023-02-07,190.34000
2023-02-08,139.63000
2023-02-09,129.06000
2023-02-10,99.82000
2023-02-11,118.66000
2023-02-12,54.40000
2023-02-13,70.05000
2023-02-14,105.73000
2023-02-15,200.60000
2023-02-16,223.17000
2023-02-17,97.82000
2023-02-18,153.22000
2023-02-19,101.26000
2023-02-20,88.82000
2023-02-21,68.90000
2023-02-22,140.33000
2023-02-23,188.33000
2023-02-24,82.35000
2023-02-25,57.93000
2023-02-26,78.14000
2023-02-27,130.62000
2023-02-28,88.38000
2023-03-01,79.33000
2023-03-02,158.83000
2023-03-03,90.05000
2023-03-04,109.74000
2023-03-05,120.29000
2023-03-06,88.74000
2023-03-07,97.28000
2023-03-08,71.68000
2023-03-09,99.01000
2023-03-10,167.33000
2023-03-11,111.64000
2023-03-12,63.42000
2023-03-13,226.43000
2023-03-14,246.38000
2023-03-15,165.53000
2023-03-16,191.67000
2023-03-17,236.53000
2023-03-18,80.16000
2023-03-19,213.92000
2023-03-20,158.68000
2023-03-21,102.69000
2023-03-22,215.30000
2023-03-23,190.00000
2023-03-24,163.72000
2023-03-25,132.95000
2023-03-26,153.05000
2023-03-27,141.81000
2023-03-28,117.77000
2023-03-29,127.01000
2023-03-30,82.78000
2023-03-31,144.99000
2023-04-01,118.19000
2023-04-02,407.69000
2023-04-03,150.38000
2023-04-04,154.53000
2023-04-05,108.51000
2023-04-06,40.40000
2023-04-07,65.40000
2023-04-08,124.42000
2023-04-09,210.20000
2023-04-10,116.65000
2023-04-11,155.38000
2023-04-12,109.82000
2023-04-13,258.05000
2023-04-14,38.20000
2023-04-15,50.40000
2023-04-16,279.06000
2023-04-17,51.34000
2023-04-18,186.52000
2023-04-19,128.99000
2023-04-20,98.98000
2023-04-21,118.21000
2023-04-22,113.76000
2023-04-23,127.64000
2023-04-24,149.57000
2023-04-25,111.25000
2023-04-26,135.07000
2023-04-27,157.01000
2023-04-28,94.05000
2023-04-29,93.97000
2023-04-30,209.08000
2023-05-01,435.03000
2023-05-02,249.56000
2023-05-03,139.92000
2023-05-04,105.00000
2023-05-05,100.93000
2023-05-06,87.09000
2023-05-07,152.42000
2023-05-08,311.34000
2023-05-09,163.06000
2023-05-10,69.51000
2023-05-11,155.22000
2023-05-12,190.28000
2023-05-13,250.04000
2023-05-14,189.55000
2023-05-15,99.10000
2023-05-16,67.14000
2023-05-17,113.54000
2023-05-18,210.79000
2023-05-19,111.50000
2023-05-20,206.60000
2023-05-21,328.45000
2023-05-22,398.71000
2023-05-23,156.99000
2023-05-24,301.54000
2023-05-25,237.84000
2023-05-26,220.29000
2023-05-27,154.91000
2023-05-28,241.49000
2023-05-29,80.39000
2023-05-30,111.10000
2023-05-31,264.79000
2023-06-01,108.62000
2023-06-02,96.48000
2023-06-03,63.27000
2023-06-04,150.73000
2023-06-05,133.01000
2023-06-06,62.63000
2023-06-07,119.00000
2023-06-08,96.83000
2023-06-09,58.14000
2023-06-10,64.39000
2023-06-11,90.27000
2023-06-12,204.38000
2023-06-13,110.96000
2023-06-14,147.42000
2023-06-15,71.00000
2023-06-16,56.58000
2023-06-17,61.35000
2023-06-18,126.36000
2023-06-19,277.07000
2023-06-20,213.08000
2023-06-21,65.39000
2023-06-22,72.75000
2023-06-23,74.02000
2023-06-24,161.00000
2023-06-25,340.25000
2023-06-26,150.90000
2023-06-27,127.96000
2023-06-28,152.99000
2023-06-29,117.91000
2023-06-30,96.85000
2023-07-01,86.80000
2023-07-02,123.90000
2023-07-03,65.32000
2023-07-04,60.81000
2023-07-05,137.28000
2023-07-06,40.77000
2023-07-07,93.53000
2023-07-08,139.58000
2023-07-09,71.88000
2023-07-10,39.18000
2023-07-11,37.82000
2023-07-12,89.22000
2023-07-13,75.95000
2023-07-14,206.65000
2023-07-15,53.17000
2023-07-16,79.30000
2023-07-17,155.95000
2023-07-18,104.21000
2023-07-19,37.11000
2023-07-20,260.18000
2023-07-21,80.78000
2023-07-22,81.81000
2023-07-23,142.45000
2023-07-24,105.67000
2023-07-25,37.76000
2023-07-26,220.51000
2023-07-27,95.33000
2023-07-28,82.35000
2023-07-29,108.35000
2023-07-30,156.43000
2023-07-31,81.19000
2023-08-01,151.79000
2023-08-02,121.59000
2023-08-03,62.21000
2023-08-04,60.58000
2023-08-05,52.64000
2023-08-06,85.29000
2023-08-07,59.30000
2023-08-08,49.89000
2023-08-09,77.25000
2023-08-10,46.74000
2023-08-11,170.30000
2023-08-12,73.28000
2023-08-13,64.02000
2023-08-14,236.53000
2023-08-15,53.33000
2023-08-16,128.55000
2023-08-17,101.81000
2023-08-18,36.93000
2023-08-19,59.85000
2023-08-20,141.46000
2023-08-21,130.14000
2023-08-22,52.69000
2023-08-23,141.21000
2023-08-24,76.47000
2023-08-25,137.35000
2023-08-26,172.14000
2023-08-27,109.45000
2023-08-28,70.13000
2023-08-29,69.20000
2023-08-30,66.94000
2023-08-31,167.14000
2023-09-01,57.38000
2023-09-02,141.49000
2023-09-03,180.96000
2023-09-04,41.29000
2023-09-05,66.39000
2023-09-06,41.02000
2023-09-07,95.66000
2023-09-08,37.05000
2023-09-09,65.78000
2023-09-10,70.26000
2023-09-11,82.18000
2023-09-12,99.71000
2023-09-13,132.91000
2023-09-14,111.69000
2023-09-15,63.69000
2023-09-16,29.01000
2023-09-17,132.64000
2023-09-18,63.82000
2023-09-19,146.72000
2023-09-20,82.86000
2023-09-21,106.49000
2023-09-22,42.80000
2023-09-23,52.98000
2023-09-24,62.13000
2023-09-25,14.69000
2023-09-26,143.47000
2023-09-27,150.04000
2023-09-28,111.89000
2023-09-29,136.08000
2023-09-30,113.80000
2023-10-01,143.15000
2023-10-02,77.03000
2023-10-03,100.40000
2023-10-04,181.95000
2023-10-05,47.99000
2023-10-06,95.46000
2023-10-07,89.38000
2023-10-08,228.90000
2023-10-09,264.13000
2023-10-10,143.27000
2023-10-11,192.77000
2023-10-12,189.71000
2023-10-13,58.76000
2023-10-14,70.39000
2023-10-15,512.80000
2023-10-16,136.30000
2023-10-17,97.80000
2023-10-18,90.33000
2023-10-19,279.65000
2023-10-20,287.49000
2023-10-21,82.04000
2023-10-22,159.30000
2023-10-23,150.87000
2023-10-24,79.87000
2023-10-25,124.21000
2023-10-26,37.91000
2023-10-27,90.17000
2023-10-28,57.07000
2023-10-29,67.84000
2023-10-30,164.09000
2023-10-31,42.38000
2023-11-01,132.01000
2023-11-02,58.14000
2023-11-03,72.02000
2023-11-04,34.76000
2023-11-05,85.27000
2023-11-06,342.88000
2023-11-07,122.59000
2023-11-08,119.34000
2023-11-09,142.71000
2023-11-10,127.96000
2023-11-11,54.07000
2023-11-12,145.04000
2023-11-13,116.21000
2023-11-14,198.44000
2023-11-15,68.82000
2023-11-16,149.23000
2023-11-17,168.58000
2023-11-18,62.79000
2023-11-19,124.34000
2023-11-20,42.90000
2023-11-21,295.43000
2023-11-22,65.95000
2023-11-23,15.44000
2023-11-24,94.64000
2023-11-25,46.51000
2023-11-26,127.55000
2023-11-27,89.08000
2023-11-28,101.83000
2023-11-29,83.76000
2023-11-30,147.72000
2023-12-01,38.37000
2023-12-02,56.37000
2023-12-03,119.31000
2023-12-04,51.19000
2023-12-05,328.17000
2023-12-06,88.12000
2023-12-07,73.65000
2023-12-08,64.67000
2023-12-09,89.99000
2023-12-10,178.80000
2023-12-11,117.01000
2023-12-12,36.95000
2023-12-13,95.78000
2023-12-14,89.93000
2023-12-15,61.40000
2023-12-16,51.97000
2023-12-17,94.75000
2023-12-18,264.75000
2023-12-19,632.37000
2023-12-20,69.49000
2023-12-21,95.99000
2023-12-22,52.02000
2023-12-23,174.58000
2023-12-24,83.17000
2023-12-25,74.35000
2023-12-26,111.18000
2023-12-27,145.72000
2023-12-28,168.59000
2023-12-29,107.55000
2023-12-30,131.31000
2023-12-31,221.29000
2024-01-01,110.48000
2024-01-02,138.57000
2024-01-03,162.46000
2024-01-04,118.85000
2024-01-05,106.49000
2024-01-06,145.36000
2024-01-07,10.92000
2024-01-08,153.56000
2024-01-09,1026.38000
2024-01-10,73.60000
2024-01-11,57.00000
2024-01-12,76.85000
2024-01-13,92.97000
2024-01-14,126.89000
2024-01-15,80.09000
2024-01-16,248.39000
2024-01-17,69.96000
2024-01-18,121.41000
2024-01-19,147.36000
2024-01-20,57.76000
2024-01-21,142.04000
2024-01-22,175.55000
2024-01-23,71.62000
2024-01-24,91.92000
2024-01-25,114.57000
2024-01-26,85.29000
2024-01-27,80.68000
2024-01-28,109.40000
2024-01-29,212.58000
2024-01-30,144.27000
2024-01-31,81.76000
2024-02-01,97.99000
2024-02-02,55.14000
2024-02-03,95.61000
2024-02-04,213.37000
2024-02-05,209.60000
2024-02-06,109.35000
2024-02-07,178.57000
2024-02-08,153.72000
2024-02-09,67.61000
2024-02-10,55.65000
2024-02-11,216.31000
2024-02-12,215.18000
2024-02-13,183.22000
2024-02-14,86.93000
2024-02-15,83.03000
2024-02-16,58.32000
2024-02-17,147.98000
2024-02-18,309.05000
2024-02-19,88.77000
2024-02-20,149.95000
2024-02-21,111.52000
2024-02-22,70.29000
2024-02-23,117.11000
2024-02-24,192.21000
2024-02-25,68.12000
2024-02-26,167.77000
2024-02-27,117.39000
2024-02-28,143.19000
2024-02-29,105.86000
2024-03-01,58.59000
2024-03-02,72.85000
2024-03-03,85.57000
2024-03-04,185.31000
2024-03-05,98.25000
2024-03-06,107.93000
2024-03-07,56.71000
2024-03-08,36.66000
2024-03-09,230.58000
2024-03-10,221.18000
2024-03-11,159.06000
2024-03-12,104.69000
2024-03-13,159.16000
2024-03-14,69.68000
2024-03-15,181.53000
2024-03-16,110.10000
2024-03-17,180.66000
2024-03-18,140.24000
2024-03-19,91.96000
2024-03-20,202.01000
2024-03-21,77.59000
2024-03-22,73.05000
2024-03-23,147.64000
2024-03-24,93.10000
2024-03-25,79.67000
2024-03-26,85.54000
2024-03-27,97.90000
2024-03-28,59.31000
2024-03-29,90.04000
2024-03-30,49.51000
2024-03-31,89.56000
2024-04-01,113.74000
2024-04-02,64.34000
2024-04-03,87.02000
2024-04-04,79.84000
2024-04-05,65.90000
2024-04-06,286.44000
2024-04-07,136.54000
2024-04-08,96.86000
2024-04-09,127.50000
2024-04-10,134.32000
2024-04-11,116.38000
2024-04-12,164.38000
2024-04-13,83.15000
2024-04-14,351.28000
2024-04-15,148.00000
2024-04-16,205.00000
2024-04-17,89.86000
2024-04-18,73.00000
2024-04-19,69.55000
2024-04-20,105.00000
2024-04-21,129.65000
2024-04-22,63.52000
2024-04-23,50.68000
2024-04-24,103.13000
2024-04-25,228.77000
2024-04-26,71.47000
2024-04-27,53.88000
2024-04-28,105.58000
2024-04-29,80.35000
2024-04-30,111.88000
2024-05-01,52.26000
2024-05-02,80.50000
2024-05-03,55.72000
2024-05-04,43.53000
2024-05-05,165.50000
2024-05-06,76.56000
2024-05-07,38.92000
2024-05-08,35.93000
2024-05-09,51.54000
2024-05-10,103.08000
2024-05-11,262.99000
2024-05-12,245.08000
2024-05-13,36.94000
2024-05-14,135.19000
2024-05-15,96.41000
2024-05-16,55.17000
2024-05-17,54.29000
2024-05-18,71.86000
2024-05-19,228.26000
2024-05-20,92.53000
2024-05-21,62.26000
2024-05-22,55.15000
2024-05-23,77.20000
2024-05-24,153.24000
2024-05-25,58.73000
2024-05-26,40.78000
2024-05-27,52.47000
2024-05-28,56.95000
2024-05-29,123.02000
2024-05-30,92.78000
2024-05-31,72.40000
2024-06-01,87.64000
2024-06-02,58.35000
2024-06-03,191.95000
2024-06-04,67.80000
2024-06-05,35.32000
2024-06-06,80.15000
2024-06-07,55.59000
2024-06-08,102.97000
2024-06-09,82.89000
2024-06-10,92.67000
2024-06-11,59.32000
2024-06-12,100.25000
2024-06-13,94.21000
2024-06-14,88.92000
2024-06-15,62.45000
2024-06-16,48.63000
2024-06-17,64.98000
2024-06-18,72.11000
2024-06-19,52.65000
2024-06-20,89.94000
2024-06-21,76.15000
2024-06-22,109.47000
2024-06-23,197.14000
2024-06-24,99.49000
2024-06-25,49.81000
2024-06-26,67.02000
2024-06-27,90.29000
2024-06-28,53.23000
2024-06-29,137.27000
2024-06-30,134.77000
2024-07-01,3.67000
