DATE,WLEMUINDXD
2014-07-01,10.28000
2014-07-02,8.43000
2014-07-03,34.65000
2014-07-04,11.47000
2014-07-05,14.88000
2014-07-06,79.07000
2014-07-07,13.43000
2014-07-08,9.58000
2014-07-09,7.79000
2014-07-10,6.68000
2014-07-11,41.16000
2014-07-12,13.13000
2014-07-13,21.43000
2014-07-14,37.73000
2014-07-15,9.74000
2014-07-16,15.69000
2014-07-17,6.37000
2014-07-18,32.77000
2014-07-19,115.38000
2014-07-20,10.50000
2014-07-21,12.58000
2014-07-22,9.32000
2014-07-23,7.68000
2014-07-24,6.42000
2014-07-25,8.21000
2014-07-26,74.69000
2014-07-27,51.76000
2014-07-28,12.99000
2014-07-29,19.49000
2014-07-30,7.88000
2014-07-31,32.83000
2014-08-01,16.36000
2014-08-02,88.61000
2014-08-03,62.77000
2014-08-04,25.63000
2014-08-05,9.58000
2014-08-06,7.75000
2014-08-07,7.28000
2014-08-08,14.68000
2014-08-09,13.06000
2014-08-10,10.54000
2014-08-11,13.07000
2014-08-12,9.61000
2014-08-13,7.88000
2014-08-14,6.35000
2014-08-15,8.07000
2014-08-16,24.94000
2014-08-17,10.37000
2014-08-18,12.82000
2014-08-19,9.54000
2014-08-20,7.78000
2014-08-21,6.40000
2014-08-22,7.80000
2014-08-23,109.03000
2014-08-24,29.27000
2014-08-25,26.10000
2014-08-26,9.46000
2014-08-27,7.53000
2014-08-28,6.47000
2014-08-29,62.76000
2014-08-30,11.78000
2014-08-31,10.34000
2014-09-01,17.75000
2014-09-02,10.42000
2014-09-03,7.70000
2014-09-04,6.47000
2014-09-05,7.79000
2014-09-06,11.23000
2014-09-07,29.71000
2014-09-08,12.31000
2014-09-09,9.02000
2014-09-10,7.25000
2014-09-11,12.54000
2014-09-12,7.64000
2014-09-13,10.97000
2014-09-14,9.76000
2014-09-15,12.35000
2014-09-16,9.04000
2014-09-17,28.42000
2014-09-18,6.25000
2014-09-19,15.03000
2014-09-20,98.08000
2014-09-21,19.25000
2014-09-22,12.05000
2014-09-23,79.78000
2014-09-24,60.04000
2014-09-25,6.23000
2014-09-26,7.56000
2014-09-27,10.71000
2014-09-28,9.85000
2014-09-29,12.10000
2014-09-30,44.64000
2014-10-01,21.84000
2014-10-02,19.45000
2014-10-03,7.53000
2014-10-04,10.98000
2014-10-05,9.62000
2014-10-06,11.88000
2014-10-07,54.57000
2014-10-08,7.23000
2014-10-09,25.72000
2014-10-10,113.77000
2014-10-11,32.98000
2014-10-12,29.31000
2014-10-13,24.56000
2014-10-14,9.09000
2014-10-15,14.47000
2014-10-16,45.37000
2014-10-17,83.92000
2014-10-18,21.84000
2014-10-19,9.69000
2014-10-20,11.96000
2014-10-21,26.71000
2014-10-22,28.07000
2014-10-23,6.60000
2014-10-24,15.19000
2014-10-25,21.61000
2014-10-26,27.06000
2014-10-27,33.76000
2014-10-28,9.00000
2014-10-29,21.58000
2014-10-30,24.41000
2014-10-31,7.50000
2014-11-01,10.87000
2014-11-02,9.64000
2014-11-03,24.16000
2014-11-04,9.03000
2014-11-05,7.01000
2014-11-06,6.20000
2014-11-07,7.84000
2014-11-08,11.49000
2014-11-09,19.70000
2014-11-10,11.99000
2014-11-11,19.17000
2014-11-12,7.68000
2014-11-13,12.34000
2014-11-14,15.58000
2014-11-15,11.45000
2014-11-16,29.80000
2014-11-17,11.98000
2014-11-18,9.24000
2014-11-19,7.49000
2014-11-20,6.34000
2014-11-21,8.00000
2014-11-22,11.58000
2014-11-23,9.92000
2014-11-24,36.39000
2014-11-25,18.63000
2014-11-26,7.82000
2014-11-27,17.74000
2014-11-28,9.85000
2014-11-29,13.10000
2014-11-30,10.73000
2014-12-01,12.07000
2014-12-02,9.35000
2014-12-03,7.59000
2014-12-04,12.95000
2014-12-05,15.79000
2014-12-06,11.85000
2014-12-07,20.12000
2014-12-08,24.09000
2014-12-09,8.98000
2014-12-10,14.79000
2014-12-11,6.44000
2014-12-12,31.89000
2014-12-13,11.86000
2014-12-14,51.64000
2014-12-15,12.13000
2014-12-16,9.14000
2014-12-17,45.86000
2014-12-18,85.59000
2014-12-19,15.75000
2014-12-20,12.23000
2014-12-21,10.61000
2014-12-22,12.53000
2014-12-23,9.82000
2014-12-24,17.29000
2014-12-25,11.40000
2014-12-26,10.80000
2014-12-27,13.85000
2014-12-28,32.98000
2014-12-29,12.87000
2014-12-30,30.10000
2014-12-31,101.77000
2015-01-01,54.58000
2015-01-02,20.38000
2015-01-03,65.17000
2015-01-04,64.23000
2015-01-05,12.53000
2015-01-06,9.34000
2015-01-07,14.97000
2015-01-08,26.03000
2015-01-09,7.76000
2015-01-10,11.87000
2015-01-11,19.88000
2015-01-12,11.86000
2015-01-13,8.98000
2015-01-14,7.20000
2015-01-15,12.79000
2015-01-16,15.58000
2015-01-17,22.76000
2015-01-18,28.66000
2015-01-19,25.12000
2015-01-20,18.38000
2015-01-21,57.01000
2015-01-22,30.68000
2015-01-23,15.40000
2015-01-24,34.23000
2015-01-25,19.69000
2015-01-26,11.86000
2015-01-27,45.21000
2015-01-28,14.93000
2015-01-29,6.40000
2015-01-30,115.71000
2015-01-31,67.26000
2015-02-01,9.71000
2015-02-02,12.27000
2015-02-03,9.06000
2015-02-04,7.33000
2015-02-05,12.86000
2015-02-06,23.26000
2015-02-07,22.89000
2015-02-08,29.83000
2015-02-09,48.30000
2015-02-10,73.17000
2015-02-11,58.88000
2015-02-12,6.43000
2015-02-13,7.96000
2015-02-14,22.80000
2015-02-15,19.75000
2015-02-16,12.26000
2015-02-17,9.48000
2015-02-18,7.48000
2015-02-19,124.64000
2015-02-20,7.77000
2015-02-21,11.08000
2015-02-22,9.52000
2015-02-23,11.66000
2015-02-24,9.05000
2015-02-25,7.20000
2015-02-26,6.43000
2015-02-27,7.70000
2015-02-28,11.29000
2015-03-01,9.64000
2015-03-02,11.78000
2015-03-03,8.99000
2015-03-04,7.38000
2015-03-05,6.47000
2015-03-06,7.73000
2015-03-07,11.21000
2015-03-08,9.75000
2015-03-09,47.28000
2015-03-10,8.94000
2015-03-11,7.28000
2015-03-12,6.36000
2015-03-13,7.62000
2015-03-14,11.33000
2015-03-15,9.60000
2015-03-16,11.81000
2015-03-17,8.96000
2015-03-18,29.26000
2015-03-19,19.73000
2015-03-20,31.01000
2015-03-21,11.59000
2015-03-22,48.66000
2015-03-23,47.18000
2015-03-24,26.92000
2015-03-25,14.45000
2015-03-26,6.42000
2015-03-27,7.54000
2015-03-28,88.69000
2015-03-29,18.47000
2015-03-30,11.96000
2015-03-31,9.11000
2015-04-01,7.30000
2015-04-02,45.55000
2015-04-03,39.48000
2015-04-04,179.95000
2015-04-05,96.80000
2015-04-06,49.33000
2015-04-07,35.17000
2015-04-08,7.23000
2015-04-09,6.30000
2015-04-10,7.73000
2015-04-11,22.34000
2015-04-12,28.73000
2015-04-13,22.61000
2015-04-14,26.30000
2015-04-15,14.27000
2015-04-16,6.23000
2015-04-17,7.64000
2015-04-18,22.70000
2015-04-19,19.03000
2015-04-20,11.31000
2015-04-21,8.73000
2015-04-22,6.93000
2015-04-23,6.29000
2015-04-24,7.49000
2015-04-25,45.57000
2015-04-26,9.72000
2015-04-27,11.46000
2015-04-28,8.84000
2015-04-29,7.28000
2015-04-30,19.44000
2015-05-01,7.59000
2015-05-02,11.36000
2015-05-03,38.67000
2015-05-04,11.82000
2015-05-05,17.85000
2015-05-06,14.72000
2015-05-07,32.47000
2015-05-08,7.88000
2015-05-09,70.05000
2015-05-10,20.24000
2015-05-11,12.20000
2015-05-12,9.11000
2015-05-13,7.29000
2015-05-14,6.48000
2015-05-15,7.80000
2015-05-16,11.87000
2015-05-17,9.84000
2015-05-18,12.23000
2015-05-19,9.19000
2015-05-20,7.36000
2015-05-21,13.34000
2015-05-22,31.49000
2015-05-23,47.47000
2015-05-24,10.37000
2015-05-25,18.27000
2015-05-26,31.73000
2015-05-27,7.65000
2015-05-28,6.60000
2015-05-29,8.00000
2015-05-30,11.77000
2015-05-31,10.27000
2015-06-01,12.50000
2015-06-02,9.33000
2015-06-03,7.63000
2015-06-04,19.77000
2015-06-05,81.73000
2015-06-06,11.86000
2015-06-07,100.92000
2015-06-08,12.76000
2015-06-09,9.55000
2015-06-10,7.65000
2015-06-11,7.17000
2015-06-12,24.68000
2015-06-13,12.41000
2015-06-14,10.23000
2015-06-15,12.53000
2015-06-16,9.63000
2015-06-17,7.83000
2015-06-18,6.89000
2015-06-19,8.38000
2015-06-20,12.63000
2015-06-21,10.49000
2015-06-22,38.87000
2015-06-23,48.32000
2015-06-24,8.03000
2015-06-25,6.98000
2015-06-26,16.77000
2015-06-27,12.73000
2015-06-28,10.76000
2015-06-29,12.88000
2015-06-30,60.07000
2015-07-01,32.88000
2015-07-02,7.32000
2015-07-03,9.85000
2015-07-04,16.51000
2015-07-05,11.44000
2015-07-06,41.48000
2015-07-07,40.91000
2015-07-08,122.87000
2015-07-09,36.82000
2015-07-10,34.35000
2015-07-11,135.01000
2015-07-12,108.11000
2015-07-13,26.25000
2015-07-14,39.73000
2015-07-15,16.30000
2015-07-16,7.27000
2015-07-17,17.09000
2015-07-18,13.49000
2015-07-19,43.17000
2015-07-20,27.18000
2015-07-21,19.86000
2015-07-22,24.43000
2015-07-23,7.38000
2015-07-24,8.77000
2015-07-25,13.22000
2015-07-26,10.51000
2015-07-27,26.65000
2015-07-28,9.99000
2015-07-29,16.66000
2015-07-30,7.22000
2015-07-31,17.11000
2015-08-01,13.05000
2015-08-02,10.98000
2015-08-03,12.87000
2015-08-04,200.88000
2015-08-05,16.41000
2015-08-06,6.99000
2015-08-07,8.72000
2015-08-08,13.07000
2015-08-09,10.86000
2015-08-10,13.58000
2015-08-11,10.14000
2015-08-12,8.33000
2015-08-13,43.12000
2015-08-14,8.58000
2015-08-15,13.33000
2015-08-16,44.43000
2015-08-17,13.81000
2015-08-18,9.97000
2015-08-19,7.85000
2015-08-20,6.75000
2015-08-21,219.00000
2015-08-22,114.10000
2015-08-23,63.15000
2015-08-24,374.86000
2015-08-25,716.48000
2015-08-26,245.51000
2015-08-27,60.31000
2015-08-28,154.88000
2015-08-29,228.00000
2015-08-30,267.08000
2015-08-31,74.79000
2015-09-01,102.98000
2015-09-02,69.27000
2015-09-03,59.14000
2015-09-04,169.87000
2015-09-05,287.77000
2015-09-06,124.70000
2015-09-07,92.36000
2015-09-08,74.75000
2015-09-09,106.98000
2015-09-10,65.20000
2015-09-11,101.94000
2015-09-12,113.35000
2015-09-13,141.81000
2015-09-14,77.41000
2015-09-15,10.60000
2015-09-16,32.21000
2015-09-17,83.16000
2015-09-18,70.88000
2015-09-19,11.47000
2015-09-20,90.83000
2015-09-21,63.55000
2015-09-22,47.97000
2015-09-23,77.41000
2015-09-24,44.77000
2015-09-25,23.28000
2015-09-26,76.90000
2015-09-27,58.99000
2015-09-28,60.79000
2015-09-29,67.08000
2015-09-30,45.36000
2015-10-01,56.24000
2015-10-02,46.42000
2015-10-03,66.31000
2015-10-04,129.85000
2015-10-05,25.21000
2015-10-06,37.58000
2015-10-07,30.36000
2015-10-08,18.86000
2015-10-09,15.94000
2015-10-10,56.11000
2015-10-11,81.63000
2015-10-12,13.47000
2015-10-13,28.98000
2015-10-14,62.33000
2015-10-15,20.07000
2015-10-16,23.73000
2015-10-17,58.78000
2015-10-18,61.43000
2015-10-19,37.17000
2015-10-20,9.15000
2015-10-21,15.11000
2015-10-22,26.36000
2015-10-23,71.71000
2015-10-24,135.17000
2015-10-25,38.89000
2015-10-26,12.32000
2015-10-27,9.32000
2015-10-28,45.35000
2015-10-29,6.77000
2015-10-30,23.27000
2015-10-31,10.98000
2015-11-01,19.60000
2015-11-02,49.30000
2015-11-03,18.19000
2015-11-04,44.54000
2015-11-05,6.68000
2015-11-06,7.95000
2015-11-07,11.26000
2015-11-08,9.80000
2015-11-09,12.24000
2015-11-10,9.67000
2015-11-11,15.72000
2015-11-12,6.74000
2015-11-13,8.03000
2015-11-14,11.84000
2015-11-15,41.59000
2015-11-16,37.99000
2015-11-17,18.52000
2015-11-18,7.81000
2015-11-19,6.69000
2015-11-20,64.03000
2015-11-21,11.38000
2015-11-22,57.55000
2015-11-23,12.18000
2015-11-24,9.45000
2015-11-25,7.66000
2015-11-26,9.31000
2015-11-27,9.88000
2015-11-28,12.89000
2015-11-29,10.63000
2015-11-30,12.52000
2015-12-01,9.75000
2015-12-02,7.81000
2015-12-03,13.55000
2015-12-04,8.26000
2015-12-05,23.46000
2015-12-06,20.51000
2015-12-07,12.14000
2015-12-08,9.62000
2015-12-09,15.81000
2015-12-10,6.75000
2015-12-11,25.66000
2015-12-12,12.46000
2015-12-13,32.21000
2015-12-14,27.10000
2015-12-15,78.01000
2015-12-16,58.09000
2015-12-17,56.91000
2015-12-18,26.20000
2015-12-19,25.56000
2015-12-20,67.60000
2015-12-21,13.84000
2015-12-22,42.63000
2015-12-23,8.98000
2015-12-24,8.52000
2015-12-25,15.33000
2015-12-26,16.94000
2015-12-27,47.61000
2015-12-28,44.06000
2015-12-29,55.40000
2015-12-30,36.48000
2015-12-31,57.65000
2016-01-01,80.76000
2016-01-02,31.17000
2016-01-03,80.79000
2016-01-04,26.70000
2016-01-05,9.88000
2016-01-06,7.95000
2016-01-07,21.06000
2016-01-08,127.99000
2016-01-09,24.23000
2016-01-10,123.84000
2016-01-11,52.37000
2016-01-12,19.54000
2016-01-13,47.15000
2016-01-14,27.24000
2016-01-15,108.08000
2016-01-16,235.27000
2016-01-17,62.48000
2016-01-18,42.69000
2016-01-19,101.49000
2016-01-20,55.18000
2016-01-21,203.34000
2016-01-22,75.38000
2016-01-23,261.03000
2016-01-24,105.33000
2016-01-25,65.26000
2016-01-26,38.49000
2016-01-27,84.70000
2016-01-28,21.11000
2016-01-29,32.90000
2016-01-30,36.17000
2016-01-31,131.25000
2016-02-01,86.83000
2016-02-02,56.56000
2016-02-03,51.91000
2016-02-04,6.43000
2016-02-05,16.06000
2016-02-06,23.54000
2016-02-07,100.43000
2016-02-08,39.74000
2016-02-09,9.70000
2016-02-10,84.21000
2016-02-11,93.13000
2016-02-12,64.11000
2016-02-13,74.07000
2016-02-14,70.50000
2016-02-15,55.00000
2016-02-16,29.76000
2016-02-17,76.65000
2016-02-18,77.94000
2016-02-19,31.41000
2016-02-20,35.29000
2016-02-21,78.43000
2016-02-22,24.45000
2016-02-23,37.63000
2016-02-24,22.29000
2016-02-25,6.56000
2016-02-26,39.26000
2016-02-27,11.86000
2016-02-28,128.56000
2016-02-29,76.71000
2016-03-01,28.79000
2016-03-02,43.73000
2016-03-03,20.41000
2016-03-04,36.81000
2016-03-05,108.79000
2016-03-06,69.50000
2016-03-07,9.84000
2016-03-08,7.53000
2016-03-09,11.21000
2016-03-10,5.29000
2016-03-11,6.40000
2016-03-12,63.47000
2016-03-13,18.33000
2016-03-14,10.13000
2016-03-15,7.49000
2016-03-16,11.11000
2016-03-17,5.01000
2016-03-18,12.79000
2016-03-19,10.78000
2016-03-20,17.63000
2016-03-21,41.02000
2016-03-22,60.98000
2016-03-23,5.50000
2016-03-24,10.13000
2016-03-25,6.37000
2016-03-26,32.22000
2016-03-27,43.85000
2016-03-28,19.85000
2016-03-29,43.99000
2016-03-30,133.45000
2016-03-31,10.06000
2016-04-01,6.15000
2016-04-02,42.74000
2016-04-03,35.03000
2016-04-04,74.26000
2016-04-05,13.50000
2016-04-06,5.28000
2016-04-07,18.96000
2016-04-08,12.22000
2016-04-09,10.40000
2016-04-10,26.11000
2016-04-11,9.15000
2016-04-12,13.92000
2016-04-13,15.65000
2016-04-14,14.06000
2016-04-15,5.96000
2016-04-16,10.34000
2016-04-17,17.59000
2016-04-18,17.43000
2016-04-19,6.78000
2016-04-20,10.84000
2016-04-21,14.99000
2016-04-22,30.71000
2016-04-23,20.28000
2016-04-24,16.86000
2016-04-25,9.82000
2016-04-26,21.62000
2016-04-27,52.97000
2016-04-28,4.84000
2016-04-29,11.53000
2016-04-30,9.85000
2016-05-01,17.02000
2016-05-02,45.45000
2016-05-03,14.02000
2016-05-04,21.05000
2016-05-05,4.97000
2016-05-06,6.32000
2016-05-07,30.65000
2016-05-08,25.19000
2016-05-09,8.71000
2016-05-10,6.89000
2016-05-11,10.58000
2016-05-12,14.30000
2016-05-13,6.04000
2016-05-14,10.19000
2016-05-15,17.33000
2016-05-16,33.44000
2016-05-17,13.55000
2016-05-18,5.26000
2016-05-19,4.80000
2016-05-20,6.19000
2016-05-21,71.69000
2016-05-22,26.18000
2016-05-23,60.32000
2016-05-24,7.54000
2016-05-25,5.64000
2016-05-26,5.05000
2016-05-27,6.31000
2016-05-28,10.77000
2016-05-29,53.40000
2016-05-30,15.69000
2016-05-31,42.17000
2016-06-01,23.10000
2016-06-02,5.07000
2016-06-03,13.06000
2016-06-04,11.06000
2016-06-05,126.84000
2016-06-06,56.61000
2016-06-07,87.61000
2016-06-08,23.21000
2016-06-09,5.22000
2016-06-10,13.26000
2016-06-11,44.36000
2016-06-12,53.86000
2016-06-13,21.08000
2016-06-14,36.62000
2016-06-15,35.77000
2016-06-16,51.13000
2016-06-17,34.53000
2016-06-18,11.39000
2016-06-19,8.97000
2016-06-20,82.94000
2016-06-21,23.06000
2016-06-22,75.90000
2016-06-23,92.52000
2016-06-24,547.55000
2016-06-25,1079.03000
2016-06-26,351.52000
2016-06-27,250.34000
2016-06-28,481.40000
2016-06-29,189.42000
2016-06-30,126.12000
2016-07-01,149.16000
2016-07-02,92.47000
2016-07-03,263.38000
2016-07-04,85.34000
2016-07-05,62.92000
2016-07-06,193.06000
2016-07-07,60.70000
2016-07-08,124.09000
2016-07-09,81.87000
2016-07-10,105.89000
2016-07-11,42.49000
2016-07-12,91.38000
2016-07-13,85.89000
2016-07-14,21.45000
2016-07-15,6.95000
2016-07-16,46.49000
2016-07-17,37.73000
2016-07-18,40.84000
2016-07-19,32.23000
2016-07-20,36.13000
2016-07-21,16.47000
2016-07-22,14.14000
2016-07-23,35.87000
2016-07-24,57.26000
2016-07-25,10.28000
2016-07-26,54.55000
2016-07-27,29.86000
2016-07-28,22.28000
2016-07-29,21.23000
2016-07-30,11.44000
2016-07-31,28.03000
2016-08-01,10.36000
2016-08-02,40.50000
2016-08-03,17.86000
2016-08-04,10.66000
2016-08-05,48.34000
2016-08-06,22.35000
2016-08-07,46.76000
2016-08-08,126.99000
2016-08-09,48.57000
2016-08-10,85.86000
2016-08-11,16.22000
2016-08-12,13.78000
2016-08-13,22.27000
2016-08-14,55.62000
2016-08-15,31.29000
2016-08-16,7.91000
2016-08-17,6.10000
2016-08-18,5.23000
2016-08-19,20.11000
2016-08-20,10.86000
2016-08-21,9.05000
2016-08-22,9.52000
2016-08-23,7.59000
2016-08-24,11.95000
2016-08-25,35.48000
2016-08-26,56.53000
2016-08-27,30.45000
2016-08-28,63.42000
2016-08-29,69.87000
2016-08-30,35.89000
2016-08-31,27.44000
2016-09-01,168.53000
2016-09-02,18.93000
2016-09-03,10.06000
2016-09-04,72.09000
2016-09-05,15.23000
2016-09-06,7.95000
2016-09-07,5.82000
2016-09-08,5.07000
2016-09-09,6.24000
2016-09-10,19.32000
2016-09-11,26.35000
2016-09-12,31.14000
2016-09-13,42.62000
2016-09-14,10.83000
2016-09-15,10.04000
2016-09-16,6.44000
2016-09-17,9.97000
2016-09-18,44.27000
2016-09-19,39.09000
2016-09-20,14.73000
2016-09-21,5.15000
2016-09-22,5.16000
2016-09-23,6.13000
2016-09-24,10.03000
2016-09-25,8.79000
2016-09-26,10.09000
2016-09-27,7.48000
2016-09-28,35.57000
2016-09-29,5.44000
2016-09-30,13.10000
2016-10-01,29.51000
2016-10-02,44.86000
2016-10-03,69.12000
2016-10-04,42.12000
2016-10-05,11.38000
2016-10-06,21.19000
2016-10-07,23.98000
2016-10-08,21.11000
2016-10-09,18.50000
2016-10-10,19.95000
2016-10-11,7.16000
2016-10-12,6.00000
2016-10-13,20.45000
2016-10-14,12.45000
2016-10-15,9.99000
2016-10-16,97.64000
2016-10-17,141.07000
2016-10-18,7.03000
2016-10-19,5.75000
2016-10-20,5.12000
2016-10-21,12.78000
2016-10-22,9.91000
2016-10-23,26.04000
2016-10-24,20.53000
2016-10-25,22.55000
2016-10-26,11.18000
2016-10-27,25.45000
2016-10-28,43.90000
2016-10-29,57.63000
2016-10-30,33.92000
2016-10-31,20.12000
2016-11-01,13.80000
2016-11-02,5.32000
2016-11-03,34.08000
2016-11-04,36.47000
2016-11-05,48.76000
2016-11-06,25.79000
2016-11-07,34.13000
2016-11-08,83.62000
2016-11-09,203.15000
2016-11-10,221.84000
2016-11-11,60.43000
2016-11-12,99.72000
2016-11-13,98.99000
2016-11-14,154.75000
2016-11-15,28.32000
2016-11-16,40.10000
2016-11-17,59.36000
2016-11-18,34.71000
2016-11-19,30.95000
2016-11-20,54.65000
2016-11-21,19.03000
2016-11-22,7.26000
2016-11-23,5.67000
2016-11-24,7.88000
2016-11-25,40.87000
2016-11-26,11.39000
2016-11-27,57.98000
2016-11-28,10.59000
2016-11-29,15.54000
2016-11-30,16.72000
2016-12-01,36.30000
2016-12-02,6.31000
2016-12-03,30.79000
2016-12-04,63.08000
2016-12-05,19.30000
2016-12-06,7.18000
2016-12-07,26.92000
2016-12-08,21.60000
2016-12-09,31.14000
2016-12-10,10.36000
2016-12-11,18.85000
2016-12-12,46.62000
2016-12-13,28.98000
2016-12-14,5.44000
2016-12-15,372.23000
2016-12-16,12.68000
2016-12-17,21.63000
2016-12-18,19.19000
2016-12-19,10.92000
2016-12-20,51.85000
2016-12-21,5.45000
2016-12-22,22.03000
2016-12-23,14.42000
2016-12-24,25.29000
2016-12-25,35.13000
2016-12-26,34.13000
2016-12-27,64.09000
2016-12-28,46.40000
2016-12-29,38.07000
2016-12-30,52.94000
2016-12-31,57.57000
2017-01-01,170.26000
2017-01-02,15.89000
2017-01-03,24.40000
2017-01-04,17.46000
2017-01-05,84.05000
2017-01-06,7.07000
2017-01-07,32.15000
2017-01-08,66.65000
2017-01-09,45.66000
2017-01-10,21.34000
2017-01-11,45.10000
2017-01-12,5.31000
2017-01-13,127.10000
2017-01-14,10.49000
2017-01-15,85.55000
2017-01-16,41.34000
2017-01-17,145.98000
2017-01-18,16.18000
2017-01-19,5.23000
2017-01-20,53.09000
2017-01-21,29.13000
2017-01-22,95.60000
2017-01-23,59.46000
2017-01-24,27.50000
2017-01-25,5.35000
2017-01-26,19.13000
2017-01-27,24.45000
2017-01-28,52.56000
2017-01-29,36.90000
2017-01-30,17.26000
2017-01-31,15.24000
2017-02-01,27.34000
2017-02-02,9.94000
2017-02-03,18.80000
2017-02-04,9.70000
2017-02-05,36.97000
2017-02-06,35.20000
2017-02-07,13.90000
2017-02-08,5.48000
2017-02-09,25.02000
2017-02-10,12.65000
2017-02-11,20.12000
2017-02-12,37.06000
2017-02-13,9.29000
2017-02-14,34.30000
2017-02-15,11.02000
2017-02-16,5.08000
2017-02-17,100.31000
2017-02-18,19.96000
2017-02-19,8.77000
2017-02-20,8.26000
2017-02-21,27.86000
2017-02-22,58.98000
2017-02-23,4.94000
2017-02-24,6.19000
2017-02-25,18.40000
2017-02-26,25.89000
2017-02-27,18.13000
2017-02-28,20.93000
2017-03-01,16.02000
2017-03-02,15.18000
2017-03-03,23.94000
2017-03-04,29.29000
2017-03-05,26.65000
2017-03-06,9.44000
2017-03-07,20.76000
2017-03-08,16.34000
2017-03-09,21.77000
2017-03-10,5.95000
2017-03-11,30.21000
2017-03-12,9.18000
2017-03-13,8.24000
2017-03-14,99.89000
2017-03-15,15.90000
2017-03-16,20.87000
2017-03-17,6.33000
2017-03-18,10.42000
2017-03-19,8.96000
2017-03-20,101.07000
2017-03-21,21.68000
2017-03-22,5.40000
2017-03-23,10.65000
2017-03-24,12.99000
2017-03-25,10.88000
2017-03-26,8.92000
2017-03-27,8.73000
2017-03-28,6.73000
2017-03-29,10.29000
2017-03-30,5.11000
2017-03-31,5.99000
2017-04-01,10.54000
2017-04-02,9.20000
2017-04-03,50.65000
2017-04-04,6.50000
2017-04-05,4.94000
2017-04-06,15.45000
2017-04-07,17.26000
2017-04-08,53.49000
2017-04-09,72.98000
2017-04-10,9.12000
2017-04-11,7.33000
2017-04-12,10.98000
2017-04-13,9.80000
2017-04-14,43.77000
2017-04-15,10.85000
2017-04-16,19.00000
2017-04-17,108.62000
2017-04-18,53.55000
2017-04-19,5.10000
2017-04-20,14.66000
2017-04-21,5.84000
2017-04-22,30.95000
2017-04-23,26.98000
2017-04-24,29.85000
2017-04-25,49.13000
2017-04-26,14.59000
2017-04-27,10.68000
2017-04-28,6.10000
2017-04-29,10.86000
2017-04-30,9.06000
2017-05-01,8.53000
2017-05-02,6.92000
2017-05-03,5.18000
2017-05-04,5.04000
2017-05-05,24.46000
2017-05-06,10.85000
2017-05-07,27.45000
2017-05-08,19.16000
2017-05-09,7.69000
2017-05-10,5.70000
2017-05-11,21.78000
2017-05-12,33.31000
2017-05-13,44.27000
2017-05-14,9.14000
2017-05-15,97.64000
2017-05-16,7.74000
2017-05-17,35.32000
2017-05-18,43.71000
2017-05-19,20.21000
2017-05-20,22.18000
2017-05-21,37.06000
2017-05-22,43.90000
2017-05-23,7.75000
2017-05-24,6.05000
2017-05-25,5.65000
2017-05-26,6.88000
2017-05-27,11.94000
2017-05-28,9.42000
2017-05-29,16.63000
2017-05-30,9.16000
2017-05-31,302.37000
2017-06-01,5.84000
2017-06-02,7.00000
2017-06-03,24.04000
2017-06-04,29.99000
2017-06-05,11.26000
2017-06-06,8.00000
2017-06-07,6.05000
2017-06-08,17.41000
2017-06-09,7.20000
2017-06-10,11.77000
2017-06-11,38.40000
2017-06-12,11.26000
2017-06-13,8.25000
2017-06-14,6.09000
2017-06-15,5.87000
2017-06-16,7.25000
2017-06-17,11.99000
2017-06-18,9.70000
2017-06-19,11.63000
2017-06-20,8.44000
2017-06-21,12.25000
2017-06-22,12.01000
2017-06-23,7.24000
2017-06-24,23.59000
2017-06-25,19.53000
2017-06-26,23.59000
2017-06-27,8.73000
2017-06-28,12.83000
2017-06-29,6.14000
2017-06-30,29.37000
2017-07-01,36.46000
2017-07-02,10.30000
2017-07-03,24.26000
2017-07-04,13.77000
2017-07-05,28.52000
2017-07-06,12.54000
2017-07-07,45.94000
2017-07-08,12.28000
2017-07-09,20.39000
2017-07-10,11.62000
2017-07-11,17.21000
2017-07-12,12.68000
2017-07-13,6.23000
2017-07-14,22.30000
2017-07-15,11.92000
2017-07-16,10.22000
2017-07-17,34.73000
2017-07-18,16.66000
2017-07-19,6.43000
2017-07-20,6.13000
2017-07-21,7.41000
2017-07-22,12.18000
2017-07-23,50.31000
2017-07-24,512.25000
2017-07-25,148.18000
2017-07-26,12.77000
2017-07-27,5.90000
2017-07-28,7.44000
2017-07-29,12.25000
2017-07-30,30.27000
2017-07-31,11.81000
2017-08-01,8.44000
2017-08-02,12.55000
2017-08-03,6.16000
2017-08-04,7.29000
2017-08-05,11.97000
2017-08-06,19.95000
2017-08-07,10.57000
2017-08-08,16.59000
2017-08-09,12.54000
2017-08-10,12.49000
2017-08-11,29.36000
2017-08-12,12.18000
2017-08-13,10.21000
2017-08-14,35.02000
2017-08-15,25.33000
2017-08-16,18.79000
2017-08-17,5.97000
2017-08-18,43.20000
2017-08-19,22.80000
2017-08-20,19.52000
2017-08-21,591.21000
2017-08-22,32.50000
2017-08-23,18.13000
2017-08-24,5.93000
2017-08-25,40.59000
2017-08-26,10.79000
2017-08-27,95.56000
2017-08-28,31.70000
2017-08-29,7.92000
2017-08-30,11.61000
2017-08-31,16.26000
2017-09-01,6.29000
2017-09-02,19.14000
2017-09-03,27.86000
2017-09-04,29.62000
2017-09-05,8.12000
2017-09-06,23.38000
2017-09-07,5.40000
2017-09-08,6.47000
2017-09-09,9.00000
2017-09-10,8.80000
2017-09-11,10.30000
2017-09-12,7.75000
2017-09-13,5.85000
2017-09-14,5.45000
2017-09-15,6.33000
2017-09-16,9.37000
2017-09-17,44.33000
2017-09-18,10.00000
2017-09-19,7.65000
2017-09-20,5.73000
2017-09-21,5.38000
2017-09-22,6.37000
2017-09-23,9.21000
2017-09-24,26.60000
2017-09-25,10.25000
2017-09-26,83.96000
2017-09-27,5.75000
2017-09-28,5.52000
2017-09-29,57.78000
2017-09-30,9.84000
2017-10-01,26.44000
2017-10-02,9.89000
2017-10-03,7.65000
2017-10-04,17.21000
2017-10-05,5.38000
2017-10-06,25.71000
2017-10-07,9.39000
2017-10-08,18.10000
2017-10-09,20.50000
2017-10-10,7.52000
2017-10-11,21.89000
2017-10-12,5.49000
2017-10-13,6.21000
2017-10-14,9.49000
2017-10-15,8.64000
2017-10-16,39.75000
2017-10-17,7.63000
2017-10-18,5.59000
2017-10-19,27.07000
2017-10-20,12.58000
2017-10-21,9.69000
2017-10-22,69.06000
2017-10-23,77.31000
2017-10-24,7.52000
2017-10-25,5.64000
2017-10-26,5.36000
2017-10-27,12.40000
2017-10-28,48.20000
2017-10-29,51.93000
2017-10-30,49.90000
2017-10-31,31.12000
2017-11-01,28.24000
2017-11-02,27.31000
2017-11-03,12.69000
2017-11-04,9.22000
2017-11-05,8.34000
2017-11-06,10.10000
2017-11-07,60.57000
2017-11-08,105.19000
2017-11-09,10.68000
2017-11-10,24.84000
2017-11-11,66.29000
2017-11-12,86.10000
2017-11-13,29.53000
2017-11-14,7.65000
2017-11-15,5.65000
2017-11-16,11.00000
2017-11-17,6.31000
2017-11-18,19.87000
2017-11-19,26.12000
2017-11-20,9.94000
2017-11-21,29.51000
2017-11-22,5.79000
2017-11-23,16.27000
2017-11-24,15.26000
2017-11-25,10.66000
2017-11-26,9.19000
2017-11-27,10.21000
2017-11-28,374.38000
2017-11-29,5.69000
2017-11-30,5.55000
2017-12-01,26.86000
2017-12-02,10.26000
2017-12-03,8.51000
2017-12-04,20.41000
2017-12-05,68.33000
2017-12-06,5.84000
2017-12-07,16.87000
2017-12-08,6.67000
2017-12-09,11.00000
2017-12-10,9.57000
2017-12-11,10.69000
2017-12-12,7.93000
2017-12-13,17.07000
2017-12-14,22.81000
2017-12-15,82.57000
2017-12-16,87.35000
2017-12-17,76.14000
2017-12-18,41.47000
2017-12-19,8.01000
2017-12-20,5.56000
2017-12-21,39.72000
2017-12-22,7.34000
2017-12-23,12.13000
2017-12-24,54.87000
2017-12-25,20.56000
2017-12-26,41.35000
2017-12-27,13.95000
2017-12-28,12.77000
2017-12-29,23.07000
2017-12-30,47.60000
2017-12-31,89.84000
2018-01-01,16.72000
2018-01-02,9.12000
2018-01-03,12.52000
2018-01-04,70.37000
2018-01-05,34.79000
2018-01-06,20.95000
2018-01-07,47.03000
2018-01-08,9.66000
2018-01-09,7.52000
2018-01-10,23.41000
2018-01-11,5.75000
2018-01-12,12.85000
2018-01-13,10.71000
2018-01-14,142.24000
2018-01-15,11.35000
2018-01-16,32.33000
2018-01-17,11.59000
2018-01-18,5.63000
2018-01-19,20.46000
2018-01-20,53.38000
2018-01-21,28.10000
2018-01-22,30.07000
2018-01-23,36.23000
2018-01-24,10.65000
2018-01-25,31.49000
2018-01-26,18.43000
2018-01-27,30.72000
2018-01-28,44.74000
2018-01-29,44.75000
2018-01-30,41.47000
2018-01-31,27.74000
2018-02-01,16.34000
2018-02-02,25.71000
2018-02-03,21.00000
2018-02-04,9.29000
2018-02-05,31.03000
2018-02-06,129.13000
2018-02-07,49.18000
2018-02-08,54.51000
2018-02-09,57.46000
2018-02-10,159.90000
2018-02-11,158.05000
2018-02-12,48.26000
2018-02-13,14.08000
2018-02-14,5.30000
2018-02-15,5.29000
2018-02-16,12.44000
2018-02-17,10.49000
2018-02-18,27.10000
2018-02-19,21.58000
2018-02-20,75.14000
2018-02-21,16.06000
2018-02-22,10.99000
2018-02-23,19.08000
2018-02-24,10.07000
2018-02-25,9.25000
2018-02-26,10.01000
2018-02-27,36.37000
2018-02-28,15.99000
2018-03-01,20.79000
2018-03-02,18.36000
2018-03-03,30.29000
2018-03-04,8.93000
2018-03-05,9.74000
2018-03-06,29.91000
2018-03-07,5.59000
2018-03-08,16.63000
2018-03-09,6.45000
2018-03-10,10.44000
2018-03-11,130.77000
2018-03-12,29.17000
2018-03-13,6.86000
2018-03-14,16.50000
2018-03-15,11.00000
2018-03-16,6.33000
2018-03-17,10.54000
2018-03-18,9.48000
2018-03-19,8.91000
2018-03-20,22.31000
2018-03-21,5.64000
2018-03-22,5.38000
2018-03-23,19.44000
2018-03-24,10.74000
2018-03-25,9.48000
2018-03-26,10.25000
2018-03-27,14.75000
2018-03-28,5.79000
2018-03-29,5.50000
2018-03-30,6.81000
2018-03-31,55.49000
2018-04-01,29.31000
2018-04-02,20.97000
2018-04-03,37.57000
2018-04-04,52.08000
2018-04-05,56.15000
2018-04-06,57.54000
2018-04-07,194.40000
2018-04-08,125.79000
2018-04-09,30.52000
2018-04-10,14.75000
2018-04-11,20.97000
2018-04-12,21.24000
2018-04-13,18.55000
2018-04-14,51.99000
2018-04-15,18.53000
2018-04-16,20.16000
2018-04-17,7.17000
2018-04-18,71.71000
2018-04-19,5.32000
2018-04-20,18.72000
2018-04-21,10.28000
2018-04-22,9.68000
2018-04-23,27.74000
2018-04-24,21.26000
2018-04-25,5.38000
2018-04-26,10.26000
2018-04-27,6.16000
2018-04-28,9.49000
2018-04-29,8.98000
2018-04-30,8.75000
2018-05-01,7.04000
2018-05-02,43.79000
2018-05-03,21.44000
2018-05-04,17.84000
2018-05-05,20.91000
2018-05-06,37.80000
2018-05-07,10.16000
2018-05-08,7.29000
2018-05-09,10.89000
2018-05-10,10.50000
2018-05-11,6.42000
2018-05-12,10.79000
2018-05-13,37.47000
2018-05-14,20.24000
2018-05-15,14.96000
2018-05-16,38.33000
2018-05-17,15.86000
2018-05-18,6.41000
2018-05-19,10.71000
2018-05-20,9.36000
2018-05-21,10.48000
2018-05-22,21.35000
2018-05-23,238.98000
2018-05-24,16.05000
2018-05-25,6.38000
2018-05-26,10.95000
2018-05-27,19.82000
2018-05-28,16.23000
2018-05-29,35.31000
2018-05-30,23.28000
2018-05-31,15.62000
2018-06-01,50.05000
2018-06-02,11.19000
2018-06-03,19.83000
2018-06-04,10.61000
2018-06-05,7.33000
2018-06-06,5.54000
2018-06-07,16.33000
2018-06-08,6.71000
2018-06-09,11.46000
2018-06-10,9.97000
2018-06-11,10.68000
2018-06-12,7.28000
2018-06-13,5.90000
2018-06-14,10.80000
2018-06-15,18.66000
2018-06-16,11.35000
2018-06-17,19.75000
2018-06-18,10.41000
2018-06-19,82.58000
2018-06-20,12.02000
2018-06-21,5.70000
2018-06-22,13.61000
2018-06-23,23.78000
2018-06-24,61.12000
2018-06-25,22.24000
2018-06-26,8.33000
2018-06-27,24.45000
2018-06-28,12.02000
2018-06-29,42.54000
2018-06-30,12.04000
2018-07-01,10.52000
2018-07-02,33.27000
2018-07-03,8.50000
2018-07-04,45.79000
2018-07-05,33.91000
2018-07-06,90.81000
2018-07-07,127.44000
2018-07-08,125.27000
2018-07-09,50.44000
2018-07-10,26.90000
2018-07-11,6.69000
2018-07-12,32.79000
2018-07-13,7.55000
2018-07-14,12.97000
2018-07-15,11.33000
2018-07-16,12.34000
2018-07-17,27.13000
2018-07-18,13.15000
2018-07-19,12.63000
2018-07-20,23.12000
2018-07-21,25.85000
2018-07-22,11.42000
2018-07-23,12.14000
2018-07-24,27.70000
2018-07-25,6.61000
2018-07-26,26.16000
2018-07-27,7.68000
2018-07-28,13.10000
2018-07-29,11.42000
2018-07-30,12.58000
2018-07-31,9.22000
2018-08-01,6.59000
2018-08-02,12.90000
2018-08-03,7.43000
2018-08-04,25.75000
2018-08-05,10.96000
2018-08-06,11.86000
2018-08-07,9.03000
2018-08-08,13.01000
2018-08-09,6.56000
2018-08-10,7.77000
2018-08-11,12.90000
2018-08-12,103.70000
2018-08-13,36.69000
2018-08-14,81.49000
2018-08-15,6.59000
2018-08-16,6.24000
2018-08-17,22.32000
2018-08-18,36.24000
2018-08-19,55.12000
2018-08-20,11.86000
2018-08-21,17.20000
2018-08-22,12.64000
2018-08-23,78.54000
2018-08-24,28.12000
2018-08-25,195.17000
2018-08-26,42.02000
2018-08-27,22.77000
2018-08-28,50.18000
2018-08-29,12.52000
2018-08-30,30.45000
2018-08-31,103.98000
2018-09-01,33.02000
2018-09-02,43.23000
2018-09-03,50.37000
2018-09-04,18.59000
2018-09-05,30.89000
2018-09-06,24.80000
2018-09-07,20.57000
2018-09-08,10.67000
2018-09-09,10.15000
2018-09-10,10.34000
2018-09-11,8.10000
2018-09-12,12.45000
2018-09-13,6.00000
2018-09-14,13.54000
2018-09-15,21.71000
2018-09-16,31.42000
2018-09-17,11.02000
2018-09-18,57.30000
2018-09-19,31.36000
2018-09-20,5.93000
2018-09-21,35.07000
2018-09-22,10.82000
2018-09-23,10.52000
2018-09-24,11.14000
2018-09-25,17.19000
2018-09-26,6.10000
2018-09-27,54.23000
2018-09-28,14.48000
2018-09-29,65.72000
2018-09-30,83.78000
2018-10-01,43.76000
2018-10-02,16.37000
2018-10-03,177.91000
2018-10-04,6.03000
2018-10-05,27.99000
2018-10-06,21.81000
2018-10-07,10.82000
2018-10-08,11.81000
2018-10-09,8.24000
2018-10-10,12.39000
2018-10-11,17.95000
2018-10-12,99.73000
2018-10-13,97.60000
2018-10-14,31.70000
2018-10-15,11.26000
2018-10-16,25.41000
2018-10-17,18.60000
2018-10-18,65.72000
2018-10-19,56.79000
2018-10-20,21.66000
2018-10-21,41.63000
2018-10-22,22.38000
2018-10-23,17.08000
2018-10-24,108.69000
2018-10-25,156.69000
2018-10-26,150.53000
2018-10-27,21.89000
2018-10-28,81.97000
2018-10-29,33.72000
2018-10-30,25.24000
2018-10-31,54.95000
2018-11-01,47.78000
2018-11-02,35.14000
2018-11-03,42.77000
2018-11-04,144.13000
2018-11-05,79.17000
2018-11-06,55.86000
2018-11-07,53.53000
2018-11-08,141.71000
2018-11-09,21.53000
2018-11-10,10.99000
2018-11-11,21.11000
2018-11-12,12.35000
2018-11-13,71.71000
2018-11-14,32.18000
2018-11-15,12.56000
2018-11-16,7.27000
2018-11-17,11.47000
2018-11-18,32.31000
2018-11-19,11.72000
2018-11-20,42.68000
2018-11-21,71.23000
2018-11-22,57.25000
2018-11-23,9.06000
2018-11-24,12.88000
2018-11-25,45.25000
2018-11-26,71.71000
2018-11-27,122.19000
2018-11-28,25.85000
2018-11-29,52.00000
2018-11-30,59.69000
2018-12-01,35.02000
2018-12-02,289.51000
2018-12-03,218.99000
2018-12-04,60.86000
2018-12-05,139.65000
2018-12-06,75.46000
2018-12-07,136.77000
2018-12-08,155.75000
2018-12-09,88.41000
2018-12-10,31.10000
2018-12-11,60.20000
2018-12-12,44.39000
2018-12-13,43.84000
2018-12-14,37.87000
2018-12-15,23.70000
2018-12-16,148.15000
2018-12-17,81.30000
2018-12-18,78.69000
2018-12-19,127.54000
2018-12-20,104.20000
2018-12-21,124.22000
2018-12-22,239.05000
2018-12-23,343.07000
2018-12-24,217.14000
2018-12-25,306.29000
2018-12-26,308.66000
2018-12-27,175.00000
2018-12-28,282.74000
2018-12-29,226.67000
2018-12-30,274.06000
2018-12-31,154.52000
2019-01-01,200.86000
2019-01-02,168.81000
2019-01-03,265.43000
2019-01-04,157.68000
2019-01-05,111.00000
2019-01-06,244.26000
2019-01-07,153.69000
2019-01-08,185.62000
2019-01-09,109.68000
2019-01-10,136.76000
2019-01-11,124.88000
2019-01-12,97.06000
2019-01-13,136.09000
2019-01-14,90.30000
2019-01-15,85.64000
2019-01-16,492.31000
2019-01-17,139.37000
2019-01-18,217.37000
2019-01-19,228.92000
2019-01-20,274.29000
2019-01-21,154.86000
2019-01-22,159.42000
2019-01-23,180.21000
2019-01-24,97.13000
2019-01-25,119.40000
2019-01-26,73.39000
2019-01-27,180.95000
2019-01-28,45.53000
2019-01-29,86.39000
2019-01-30,76.42000
2019-01-31,142.96000
2019-02-01,88.78000
2019-02-02,83.78000
2019-02-03,66.15000
2019-02-04,118.31000
2019-02-05,102.39000
2019-02-06,153.76000
2019-02-07,18.94000
2019-02-08,7.47000
2019-02-09,47.38000
2019-02-10,32.66000
2019-02-11,66.98000
2019-02-12,25.83000
2019-02-13,19.28000
2019-02-14,6.30000
2019-02-15,29.16000
2019-02-16,35.55000
2019-02-17,53.39000
2019-02-18,12.55000
2019-02-19,26.18000
2019-02-20,31.77000
2019-02-21,62.04000
2019-02-22,29.54000
2019-02-23,34.92000
2019-02-24,53.18000
2019-02-25,23.22000
2019-02-26,42.85000
2019-02-27,66.43000
2019-02-28,62.04000
2019-03-01,50.88000
2019-03-02,23.08000
2019-03-03,10.62000
2019-03-04,23.30000
2019-03-05,8.86000
2019-03-06,6.45000
2019-03-07,37.71000
2019-03-08,66.65000
2019-03-09,47.41000
2019-03-10,110.55000
2019-03-11,21.72000
2019-03-12,26.23000
2019-03-13,12.95000
2019-03-14,30.81000
2019-03-15,53.12000
2019-03-16,61.29000
2019-03-17,88.70000
2019-03-18,47.71000
2019-03-19,52.19000
2019-03-20,49.81000
2019-03-21,19.41000
2019-03-22,30.41000
2019-03-23,36.66000
2019-03-24,43.20000
2019-03-25,36.37000
2019-03-26,24.66000
2019-03-27,32.01000
2019-03-28,109.02000
2019-03-29,52.40000
2019-03-30,60.81000
2019-03-31,33.17000
2019-04-01,88.02000
2019-04-02,203.52000
2019-04-03,43.03000
2019-04-04,50.15000
2019-04-05,47.02000
2019-04-06,27.06000
2019-04-07,71.75000
2019-04-08,13.86000
2019-04-09,10.53000
2019-04-10,25.70000
2019-04-11,8.43000
2019-04-12,9.47000
2019-04-13,53.91000
2019-04-14,62.25000
2019-04-15,71.49000
2019-04-16,10.89000
2019-04-17,8.74000
2019-04-18,33.23000
2019-04-19,39.05000
2019-04-20,13.75000
2019-04-21,38.63000
2019-04-22,44.26000
2019-04-23,21.36000
2019-04-24,63.16000
2019-04-25,40.07000
2019-04-26,18.76000
2019-04-27,67.13000
2019-04-28,36.82000
2019-04-29,28.45000
2019-04-30,31.23000
2019-05-01,82.22000
2019-05-02,17.62000
2019-05-03,47.29000
2019-05-04,80.33000
2019-05-05,49.20000
2019-05-06,173.80000
2019-05-07,135.40000
2019-05-08,155.19000
2019-05-09,79.69000
2019-05-10,75.69000
2019-05-11,13.66000
2019-05-12,12.35000
2019-05-13,146.16000
2019-05-14,171.61000
2019-05-15,164.98000
2019-05-16,72.19000
2019-05-17,77.38000
2019-05-18,83.17000
2019-05-19,50.33000
2019-05-20,73.41000
2019-05-21,32.29000
2019-05-22,34.90000
2019-05-23,8.88000
2019-05-24,59.79000
2019-05-25,14.21000
2019-05-26,25.05000
2019-05-27,22.32000
2019-05-28,12.16000
2019-05-29,18.25000
2019-05-30,17.79000
2019-05-31,39.63000
2019-06-01,71.14000
2019-06-02,52.44000
2019-06-03,13.66000
2019-06-04,45.03000
2019-06-05,55.26000
2019-06-06,83.26000
2019-06-07,62.55000
2019-06-08,102.39000
2019-06-09,175.27000
2019-06-10,47.28000
2019-06-11,23.58000
2019-06-12,323.09000
2019-06-13,59.64000
2019-06-14,108.81000
2019-06-15,118.89000
2019-06-16,173.70000
2019-06-17,30.81000
2019-06-18,113.01000
2019-06-19,9.30000
2019-06-20,18.56000
2019-06-21,74.73000
2019-06-22,130.56000
2019-06-23,141.95000
2019-06-24,60.88000
2019-06-25,34.37000
2019-06-26,118.63000
2019-06-27,102.81000
2019-06-28,72.11000
2019-06-29,29.71000
2019-06-30,12.52000
2019-07-01,73.94000
2019-07-02,34.40000
2019-07-03,39.00000
2019-07-04,14.12000
2019-07-05,35.85000
2019-07-06,15.31000
2019-07-07,189.59000
2019-07-08,31.53000
2019-07-09,23.42000
2019-07-10,17.11000
2019-07-11,136.30000
2019-07-12,10.57000
2019-07-13,15.15000
2019-07-14,27.89000
2019-07-15,63.17000
2019-07-16,70.11000
2019-07-17,9.63000
2019-07-18,50.56000
2019-07-19,43.29000
2019-07-20,15.16000
2019-07-21,28.04000
2019-07-22,32.95000
2019-07-23,35.99000
2019-07-24,18.20000
2019-07-25,48.54000
2019-07-26,31.53000
2019-07-27,122.19000
2019-07-28,13.50000
2019-07-29,32.62000
2019-07-30,158.40000
2019-07-31,55.95000
2019-08-01,59.15000
2019-08-02,132.10000
2019-08-03,104.57000
2019-08-04,174.94000
2019-08-05,108.98000
2019-08-06,150.97000
2019-08-07,154.94000
2019-08-08,98.17000
2019-08-09,99.18000
2019-08-10,60.61000
2019-08-11,122.02000
2019-08-12,166.56000
2019-08-13,115.01000
2019-08-14,195.01000
2019-08-15,330.15000
2019-08-16,359.75000
2019-08-17,208.87000
2019-08-18,335.25000
2019-08-19,91.26000
2019-08-20,52.80000
2019-08-21,36.08000
2019-08-22,112.72000
2019-08-23,81.83000
2019-08-24,304.16000
2019-08-25,194.60000
2019-08-26,45.88000
2019-08-27,133.31000
2019-08-28,110.05000
2019-08-29,131.59000
2019-08-30,254.72000
2019-08-31,231.76000
2019-09-01,203.62000
2019-09-02,21.56000
2019-09-03,125.51000
2019-09-04,102.21000
2019-09-05,27.98000
2019-09-06,68.53000
2019-09-07,39.57000
2019-09-08,52.01000
2019-09-09,14.40000
2019-09-10,22.62000
2019-09-11,81.34000
2019-09-12,65.85000
2019-09-13,80.21000
2019-09-14,38.65000
2019-09-15,143.74000
2019-09-16,88.26000
2019-09-17,10.39000
2019-09-18,36.33000
2019-09-19,121.30000
2019-09-20,69.51000
2019-09-21,39.18000
2019-09-22,91.19000
2019-09-23,14.13000
2019-09-24,67.27000
2019-09-25,99.58000
2019-09-26,64.93000
2019-09-27,37.98000
2019-09-28,51.37000
2019-09-29,89.19000
2019-09-30,28.25000
2019-10-01,74.75000
2019-10-02,36.10000
2019-10-03,96.11000
2019-10-04,198.30000
2019-10-05,118.40000
2019-10-06,168.72000
2019-10-07,144.46000
2019-10-08,97.67000
2019-10-09,51.88000
2019-10-10,138.91000
2019-10-11,19.20000
2019-10-12,102.77000
2019-10-13,105.84000
2019-10-14,47.49000
2019-10-15,22.33000
2019-10-16,35.41000
2019-10-17,54.89000
2019-10-18,9.89000
2019-10-19,26.39000
2019-10-20,40.19000
2019-10-21,13.78000
2019-10-22,22.18000
2019-10-23,61.28000
2019-10-24,121.66000
2019-10-25,59.40000
2019-10-26,25.87000
2019-10-27,38.54000
2019-10-28,15.20000
2019-10-29,45.44000
2019-10-30,61.88000
2019-10-31,119.71000
2019-11-01,30.75000
2019-11-02,65.63000
2019-11-03,104.25000
2019-11-04,70.94000
2019-11-05,53.08000
2019-11-06,36.58000
2019-11-07,93.74000
2019-11-08,91.24000
2019-11-09,65.74000
2019-11-10,130.15000
2019-11-11,42.16000
2019-11-12,94.06000
2019-11-13,36.20000
2019-11-14,9.41000
2019-11-15,19.87000
2019-11-16,93.13000
2019-11-17,132.22000
2019-11-18,78.16000
2019-11-19,10.87000
2019-11-20,28.03000
2019-11-21,19.01000
2019-11-22,10.01000
2019-11-23,124.73000
2019-11-24,52.56000
2019-11-25,15.44000
2019-11-26,10.93000
2019-11-27,29.28000
2019-11-28,59.96000
2019-11-29,12.83000
2019-11-30,15.45000
2019-12-01,27.52000
2019-12-02,32.27000
2019-12-03,22.73000
2019-12-04,53.21000
2019-12-05,9.68000
2019-12-06,50.57000
2019-12-07,139.17000
2019-12-08,161.06000
2019-12-09,108.72000
2019-12-10,34.64000
2019-12-11,28.41000
2019-12-12,65.49000
2019-12-13,140.27000
2019-12-14,102.73000
2019-12-15,207.09000
2019-12-16,32.18000
2019-12-17,156.80000
2019-12-18,47.19000
2019-12-19,19.49000
2019-12-20,43.70000
2019-12-21,87.32000
2019-12-22,128.36000
2019-12-23,16.18000
2019-12-24,14.16000
2019-12-25,57.05000
2019-12-26,51.04000
2019-12-27,111.94000
2019-12-28,193.91000
2019-12-29,234.03000
2019-12-30,99.74000
2019-12-31,92.54000
2020-01-01,195.39000
2020-01-02,109.58000
2020-01-03,68.11000
2020-01-04,217.28000
2020-01-05,250.16000
2020-01-06,101.33000
2020-01-07,94.95000
2020-01-08,105.29000
2020-01-09,29.81000
2020-01-10,10.30000
2020-01-11,58.15000
2020-01-12,55.74000
2020-01-13,62.42000
2020-01-14,68.85000
2020-01-15,111.13000
2020-01-16,40.20000
2020-01-17,53.72000
2020-01-18,14.65000
2020-01-19,127.76000
2020-01-20,54.04000
2020-01-21,12.10000
2020-01-22,19.30000
2020-01-23,58.59000
2020-01-24,42.43000
2020-01-25,44.26000
2020-01-26,83.34000
2020-01-27,102.15000
2020-01-28,177.55000
2020-01-29,46.53000
2020-01-30,137.40000
2020-01-31,248.36000
2020-02-01,114.64000
2020-02-02,54.86000
2020-02-03,108.64000
2020-02-04,70.54000
2020-02-05,92.92000
2020-02-06,58.53000
2020-02-07,53.44000
2020-02-08,57.62000
2020-02-09,27.20000
2020-02-10,61.57000
2020-02-11,34.36000
2020-02-12,63.33000
2020-02-13,39.25000
2020-02-14,52.49000
2020-02-15,86.21000
2020-02-16,53.12000
2020-02-17,66.68000
2020-02-18,35.85000
2020-02-19,101.92000
2020-02-20,77.78000
2020-02-21,82.92000
2020-02-22,28.20000
2020-02-23,65.33000
2020-02-24,93.18000
2020-02-25,388.12000
2020-02-26,109.69000
2020-02-27,212.21000
2020-02-28,360.14000
2020-02-29,647.86000
2020-03-01,199.50000
2020-03-02,201.53000
2020-03-03,325.54000
2020-03-04,323.56000
2020-03-05,197.17000
2020-03-06,255.77000
2020-03-07,209.87000
2020-03-08,394.79000
2020-03-09,509.19000
2020-03-10,822.47000
2020-03-11,357.24000
2020-03-12,321.78000
2020-03-13,409.89000
2020-03-14,590.13000
2020-03-15,1229.76000
2020-03-16,453.25000
2020-03-17,623.11000
2020-03-18,494.46000
2020-03-19,621.34000
2020-03-20,939.58000
2020-03-21,429.25000
2020-03-22,889.94000
2020-03-23,491.15000
2020-03-24,358.79000
2020-03-25,435.62000
2020-03-26,712.53000
2020-03-27,396.87000
2020-03-28,423.85000
2020-03-29,678.59000
2020-03-30,183.67000
2020-03-31,286.15000
2020-04-01,370.87000
2020-04-02,393.89000
2020-04-03,207.65000
2020-04-04,214.98000
2020-04-05,753.44000
2020-04-06,364.22000
2020-04-07,463.95000
2020-04-08,285.79000
2020-04-09,203.41000
2020-04-10,330.69000
2020-04-11,376.38000
2020-04-12,559.00000
2020-04-13,311.21000
2020-04-14,178.24000
2020-04-15,179.98000
2020-04-16,173.10000
2020-04-17,240.98000
2020-04-18,188.61000
2020-04-19,514.86000
2020-04-20,241.90000
2020-04-21,270.74000
2020-04-22,211.44000
2020-04-23,314.33000
2020-04-24,212.75000
2020-04-25,322.31000
2020-04-26,601.63000
2020-04-27,544.81000
2020-04-28,406.83000
2020-04-29,215.48000
2020-04-30,297.41000
2020-05-01,199.13000
2020-05-02,369.69000
2020-05-03,315.76000
2020-05-04,242.89000
2020-05-05,222.51000
2020-05-06,143.03000
2020-05-07,322.31000
2020-05-08,135.65000
2020-05-09,122.90000
2020-05-10,159.93000
2020-05-11,377.59000
2020-05-12,156.51000
2020-05-13,176.04000
2020-05-14,241.45000
2020-05-15,190.15000
2020-05-16,291.43000
2020-05-17,322.95000
2020-05-18,268.63000
2020-05-19,251.24000
2020-05-20,301.20000
2020-05-21,34.27000
2020-05-22,150.51000
2020-05-23,163.44000
2020-05-24,287.03000
2020-05-25,195.34000
2020-05-26,124.61000
2020-05-27,267.67000
2020-05-28,132.94000
2020-05-29,106.19000
2020-05-30,349.86000
2020-05-31,576.88000
2020-06-01,35.02000
2020-06-02,60.54000
2020-06-03,91.94000
2020-06-04,21.68000
2020-06-05,242.01000
2020-06-06,88.82000
2020-06-07,272.81000
2020-06-08,223.07000
2020-06-09,181.38000
2020-06-10,100.37000
2020-06-11,286.11000
2020-06-12,243.69000
2020-06-13,163.33000
2020-06-14,198.75000
2020-06-15,262.83000
2020-06-16,338.43000
2020-06-17,178.47000
2020-06-18,60.56000
2020-06-19,104.01000
2020-06-20,178.06000
2020-06-21,194.44000
2020-06-22,208.20000
2020-06-23,111.95000
2020-06-24,90.63000
2020-06-25,96.75000
2020-06-26,193.43000
2020-06-27,271.94000
2020-06-28,297.98000
2020-06-29,188.51000
2020-06-30,233.01000
2020-07-01,99.85000
2020-07-02,48.56000
2020-07-03,91.41000
2020-07-04,96.10000
2020-07-05,334.64000
2020-07-06,173.51000
2020-07-07,179.41000
2020-07-08,104.79000
2020-07-09,60.54000
2020-07-10,52.36000
2020-07-11,17.84000
2020-07-12,280.77000
2020-07-13,167.40000
2020-07-14,96.02000
2020-07-15,154.34000
2020-07-16,131.30000
2020-07-17,128.96000
2020-07-18,92.83000
2020-07-19,504.06000
2020-07-20,169.39000
2020-07-21,70.37000
2020-07-22,93.11000
2020-07-23,47.78000
2020-07-24,165.10000
2020-07-25,104.96000
2020-07-26,196.03000
2020-07-27,310.60000
2020-07-28,39.47000
2020-07-29,117.50000
2020-07-30,140.52000
2020-07-31,89.35000
2020-08-01,53.33000
2020-08-02,203.75000
2020-08-03,106.74000
2020-08-04,156.05000
2020-08-05,166.70000
2020-08-06,92.26000
2020-08-07,50.98000
2020-08-08,107.06000
2020-08-09,147.27000
2020-08-10,163.97000
2020-08-11,134.69000
2020-08-12,110.59000
2020-08-13,70.69000
2020-08-14,90.78000
2020-08-15,53.26000
2020-08-16,64.95000
2020-08-17,230.08000
2020-08-18,214.21000
2020-08-19,133.54000
2020-08-20,80.68000
2020-08-21,75.09000
2020-08-22,121.27000
2020-08-23,233.94000
2020-08-24,105.15000
2020-08-25,40.07000
2020-08-26,120.41000
2020-08-27,69.39000
2020-08-28,75.27000
2020-08-29,209.88000
2020-08-30,57.62000
2020-08-31,88.79000
2020-09-01,104.85000
2020-09-02,96.89000
2020-09-03,148.25000
2020-09-04,134.77000
2020-09-05,67.79000
2020-09-06,251.12000
2020-09-07,51.60000
2020-09-08,57.61000
2020-09-09,129.44000
2020-09-10,91.61000
2020-09-11,83.77000
2020-09-12,114.91000
2020-09-13,341.22000
2020-09-14,224.86000
2020-09-15,179.94000
2020-09-16,200.05000
2020-09-17,188.28000
2020-09-18,72.64000
2020-09-19,82.01000
2020-09-20,377.51000
2020-09-21,51.80000
2020-09-22,114.59000
2020-09-23,52.99000
2020-09-24,79.39000
2020-09-25,192.70000
2020-09-26,64.40000
2020-09-27,169.57000
2020-09-28,231.34000
2020-09-29,141.05000
2020-09-30,146.85000
2020-10-01,65.93000
2020-10-02,154.89000
2020-10-03,95.81000
2020-10-04,168.52000
2020-10-05,68.47000
2020-10-06,271.02000
2020-10-07,136.16000
2020-10-08,67.32000
2020-10-09,153.93000
2020-10-10,160.31000
2020-10-11,326.89000
2020-10-12,253.52000
2020-10-13,77.31000
2020-10-14,183.80000
2020-10-15,76.31000
2020-10-16,35.89000
2020-10-17,81.35000
2020-10-18,351.97000
2020-10-19,159.23000
2020-10-20,127.99000
2020-10-21,82.99000
2020-10-22,77.08000
2020-10-23,140.59000
2020-10-24,185.35000
2020-10-25,151.72000
2020-10-26,220.99000
2020-10-27,105.24000
2020-10-28,163.91000
2020-10-29,239.34000
2020-10-30,434.66000
2020-10-31,340.99000
2020-11-01,178.33000
2020-11-02,219.96000
2020-11-03,70.42000
2020-11-04,245.86000
2020-11-05,204.60000
2020-11-06,99.96000
2020-11-07,146.37000
2020-11-08,79.28000
2020-11-09,90.23000
2020-11-10,51.71000
2020-11-11,193.96000
2020-11-12,287.93000
2020-11-13,50.00000
2020-11-14,96.07000
2020-11-15,147.77000
2020-11-16,126.28000
2020-11-17,66.24000
2020-11-18,54.92000
2020-11-19,63.19000
2020-11-20,86.34000
2020-11-21,83.00000
2020-11-22,227.70000
2020-11-23,277.39000
2020-11-24,256.75000
2020-11-25,351.65000
2020-11-26,89.91000
2020-11-27,72.75000
2020-11-28,35.57000
2020-11-29,90.49000
2020-11-30,161.98000
2020-12-01,79.16000
2020-12-02,32.94000
2020-12-03,23.74000
2020-12-04,12.20000
2020-12-05,33.01000
2020-12-06,79.62000
2020-12-07,122.81000
2020-12-08,53.54000
2020-12-09,66.52000
2020-12-10,35.36000
2020-12-11,60.71000
2020-12-12,81.71000
2020-12-13,314.20000
2020-12-14,89.54000
2020-12-15,65.98000
2020-12-16,21.32000
2020-12-17,59.10000
2020-12-18,77.51000
2020-12-19,34.23000
2020-12-20,228.01000
2020-12-21,35.35000
2020-12-22,28.13000
2020-12-23,24.47000
2020-12-24,14.80000
2020-12-25,51.32000
2020-12-26,42.06000
2020-12-27,125.67000
2020-12-28,151.78000
2020-12-29,101.83000
2020-12-30,99.19000
2020-12-31,42.09000
2021-01-01,185.18000
2021-01-02,58.08000
2021-01-03,191.72000
2021-01-04,105.18000
2021-01-05,107.27000
2021-01-06,190.29000
2021-01-07,121.55000
2021-01-08,75.23000
2021-01-09,33.94000
2021-01-10,259.64000
2021-01-11,176.98000
2021-01-12,157.24000
2021-01-13,53.88000
2021-01-14,46.44000
2021-01-15,84.08000
2021-01-16,51.87000
2021-01-17,162.91000
2021-01-18,40.01000
2021-01-19,40.80000
2021-01-20,22.03000
2021-01-21,48.44000
2021-01-22,12.40000
2021-01-23,85.69000
2021-01-24,184.49000
2021-01-25,17.74000
2021-01-26,186.19000
2021-01-27,188.69000
2021-01-28,141.53000
2021-01-29,85.59000
2021-01-30,67.35000
2021-01-31,108.71000
2021-02-01,104.12000
2021-02-02,121.21000
2021-02-03,64.27000
2021-02-04,77.71000
2021-02-05,70.65000
2021-02-06,16.58000
2021-02-07,31.10000
2021-02-08,116.37000
2021-02-09,79.27000
2021-02-10,55.35000
2021-02-11,46.27000
2021-02-12,62.28000
2021-02-13,165.14000
2021-02-14,146.03000
2021-02-15,96.23000
2021-02-16,71.24000
2021-02-17,11.25000
2021-02-18,119.00000
2021-02-19,12.29000
2021-02-20,67.09000
2021-02-21,49.06000
2021-02-22,16.66000
2021-02-23,91.57000
2021-02-24,63.68000
2021-02-25,45.56000
2021-02-26,49.19000
2021-02-27,16.21000
2021-02-28,144.43000
2021-03-01,170.05000
2021-03-02,25.90000
2021-03-03,43.87000
2021-03-04,33.79000
2021-03-05,174.67000
2021-03-06,182.86000
2021-03-07,32.67000
2021-03-08,121.60000
2021-03-09,13.13000
2021-03-10,33.00000
2021-03-11,173.50000
2021-03-12,36.88000
2021-03-13,16.90000
2021-03-14,67.28000
2021-03-15,52.90000
2021-03-16,13.66000
2021-03-17,67.96000
2021-03-18,46.48000
2021-03-19,62.32000
2021-03-20,32.76000
2021-03-21,64.51000
2021-03-22,51.94000
2021-03-23,13.50000
2021-03-24,111.46000
2021-03-25,35.28000
2021-03-26,37.47000
2021-03-27,33.64000
2021-03-28,126.88000
2021-03-29,17.37000
2021-03-30,13.42000
2021-03-31,67.74000
2021-04-01,118.55000
2021-04-02,51.39000
2021-04-03,124.90000
2021-04-04,125.31000
2021-04-05,18.45000
2021-04-06,41.76000
2021-04-07,44.49000
2021-04-08,58.53000
2021-04-09,113.90000
2021-04-10,70.17000
2021-04-11,240.63000
2021-04-12,55.01000
2021-04-13,40.80000
2021-04-14,32.20000
2021-04-15,22.77000
2021-04-16,50.96000
2021-04-17,84.18000
2021-04-18,33.95000
2021-04-19,121.44000
2021-04-20,39.79000
2021-04-21,33.63000
2021-04-22,58.70000
2021-04-23,136.04000
2021-04-24,67.87000
2021-04-25,66.60000
2021-04-26,121.14000
2021-04-27,13.32000
2021-04-28,75.77000
2021-04-29,68.15000
2021-04-30,50.17000
2021-05-01,84.32000
2021-05-02,67.49000
2021-05-03,105.06000
2021-05-04,41.33000
2021-05-05,22.81000
2021-05-06,23.76000
2021-05-07,25.68000
2021-05-08,17.88000
2021-05-09,136.11000
2021-05-10,53.73000
2021-05-11,41.19000
2021-05-12,10.97000
2021-05-13,11.46000
2021-05-14,12.65000
2021-05-15,17.85000
2021-05-16,51.54000
2021-05-17,35.94000
2021-05-18,67.26000
2021-05-19,111.45000
2021-05-20,119.84000
2021-05-21,106.10000
2021-05-22,53.72000
2021-05-23,171.51000
2021-05-24,17.97000
2021-05-25,96.49000
2021-05-26,11.13000
2021-05-27,11.65000
2021-05-28,12.98000
2021-05-29,36.56000
2021-05-30,34.58000
2021-05-31,28.22000
2021-06-01,15.62000
2021-06-02,23.30000
2021-06-03,48.38000
2021-06-04,25.76000
2021-06-05,55.24000
2021-06-06,68.20000
2021-06-07,18.46000
2021-06-08,58.35000
2021-06-09,104.71000
2021-06-10,23.33000
2021-06-11,38.85000
2021-06-12,37.51000
2021-06-13,53.47000
2021-06-14,127.87000
2021-06-15,101.53000
2021-06-16,72.42000
2021-06-17,50.22000
2021-06-18,80.87000
2021-06-19,18.95000
2021-06-20,204.83000
2021-06-21,38.46000
2021-06-22,14.72000
2021-06-23,24.60000
2021-06-24,24.95000
2021-06-25,13.70000
2021-06-26,19.37000
2021-06-27,110.52000
2021-06-28,38.74000
2021-06-29,15.22000
2021-06-30,49.07000
2021-07-01,25.94000
2021-07-02,14.18000
2021-07-03,19.87000
2021-07-04,55.28000
2021-07-05,109.38000
2021-07-06,34.18000
2021-07-07,38.01000
2021-07-08,38.62000
2021-07-09,14.01000
2021-07-10,80.72000
2021-07-11,366.23000
2021-07-12,40.16000
2021-07-13,61.89000
2021-07-14,24.98000
2021-07-15,13.20000
2021-07-16,110.66000
2021-07-17,237.65000
2021-07-18,89.34000
2021-07-19,39.31000
2021-07-20,62.83000
2021-07-21,85.79000
2021-07-22,38.21000
2021-07-23,13.58000
2021-07-24,19.72000
2021-07-25,86.41000
2021-07-26,19.48000
2021-07-27,87.54000
2021-07-28,110.30000
2021-07-29,38.28000
2021-07-30,40.66000
2021-07-31,19.45000
2021-08-01,176.01000
2021-08-02,19.41000
2021-08-03,14.74000
2021-08-04,47.53000
2021-08-05,99.84000
2021-08-06,13.48000
2021-08-07,19.16000
2021-08-08,17.72000
2021-08-09,138.86000
2021-08-10,28.72000
2021-08-11,72.58000
2021-08-12,76.19000
2021-08-13,13.42000
2021-08-14,19.49000
2021-08-15,208.91000
2021-08-16,38.74000
2021-08-17,201.68000
2021-08-18,69.60000
2021-08-19,49.09000
2021-08-20,13.35000
2021-08-21,18.77000
2021-08-22,206.35000
2021-08-23,76.03000
2021-08-24,28.87000
2021-08-25,81.17000
2021-08-26,12.16000
2021-08-27,12.27000
2021-08-28,17.01000
2021-08-29,16.35000
2021-08-30,18.79000
2021-08-31,42.85000
2021-09-01,11.20000
2021-09-02,48.52000
2021-09-03,49.37000
2021-09-04,17.46000
2021-09-05,69.33000
2021-09-06,58.87000
2021-09-07,126.12000
2021-09-08,81.45000
2021-09-09,58.05000
2021-09-10,11.95000
2021-09-11,31.98000
2021-09-12,139.01000
2021-09-13,160.70000
2021-09-14,166.79000
2021-09-15,11.36000
2021-09-16,35.72000
2021-09-17,12.28000
2021-09-18,16.89000
2021-09-19,16.18000
2021-09-20,146.94000
2021-09-21,281.83000
2021-09-22,172.20000
2021-09-23,23.55000
2021-09-24,24.30000
2021-09-25,33.81000
2021-09-26,96.49000
2021-09-27,143.59000
2021-09-28,41.99000
2021-09-29,44.72000
2021-09-30,68.98000
2021-10-01,70.87000
2021-10-02,66.70000
2021-10-03,15.73000
2021-10-04,107.13000
2021-10-05,13.60000
2021-10-06,102.87000
2021-10-07,82.45000
2021-10-08,36.59000
2021-10-09,33.94000
2021-10-10,16.15000
2021-10-11,18.88000
2021-10-12,28.43000
2021-10-13,45.33000
2021-10-14,11.43000
2021-10-15,37.07000
2021-10-16,32.90000
2021-10-17,215.27000
2021-10-18,18.44000
2021-10-19,14.05000
2021-10-20,22.61000
2021-10-21,92.46000
2021-10-22,12.25000
2021-10-23,16.72000
2021-10-24,65.43000
2021-10-25,54.32000
2021-10-26,69.58000
2021-10-27,101.17000
2021-10-28,57.06000
2021-10-29,24.12000
2021-10-30,16.28000
2021-10-31,16.15000
2021-11-01,127.18000
2021-11-02,26.74000
2021-11-03,216.70000
2021-11-04,187.34000
2021-11-05,215.79000
2021-11-06,301.82000
2021-11-07,338.45000
2021-11-08,358.99000
2021-11-09,257.17000
2021-11-10,22.60000
2021-11-11,12.28000
2021-11-12,12.64000
2021-11-13,17.24000
2021-11-14,79.85000
2021-11-15,99.72000
2021-11-16,42.10000
2021-11-17,57.79000
2021-11-18,35.75000
2021-11-19,25.16000
2021-11-20,17.25000
2021-11-21,48.19000
2021-11-22,18.56000
2021-11-23,28.81000
2021-11-24,12.72000
2021-11-25,38.30000
2021-11-26,45.48000
2021-11-27,213.71000
2021-11-28,154.74000
2021-11-29,54.30000
2021-11-30,111.66000
2021-12-01,113.42000
2021-12-02,106.94000
2021-12-03,180.95000
2021-12-04,162.43000
2021-12-05,16.96000
2021-12-06,18.39000
2021-12-07,70.19000
2021-12-08,23.70000
2021-12-09,24.22000
2021-12-10,52.19000
2021-12-11,111.82000
2021-12-12,191.41000
2021-12-13,18.87000
2021-12-14,43.16000
2021-12-15,35.71000
2021-12-16,62.91000
2021-12-17,159.57000
2021-12-18,36.82000
2021-12-19,84.68000
2021-12-20,58.79000
2021-12-21,134.62000
2021-12-22,135.63000
2021-12-23,66.70000
2021-12-24,81.14000
2021-12-25,333.57000
2021-12-26,366.06000
2021-12-27,218.69000
2021-12-28,49.81000
2021-12-29,57.65000
2021-12-30,86.41000
2021-12-31,120.62000
2022-01-01,222.61000
2022-01-02,120.22000
2022-01-03,112.25000
2022-01-04,33.62000
2022-01-05,42.88000
2022-01-06,86.93000
2022-01-07,20.10000
2022-01-08,45.76000
2022-01-09,90.78000
2022-01-10,100.45000
2022-01-11,21.43000
2022-01-12,225.35000
2022-01-13,83.55000
2022-01-14,115.98000
2022-01-15,76.90000
2022-01-16,168.53000
2022-01-17,34.02000
2022-01-18,33.69000
2022-01-19,8.13000
2022-01-20,49.95000
2022-01-21,87.59000
2022-01-22,61.26000
2022-01-23,61.37000
2022-01-24,73.26000
2022-01-25,234.53000
2022-01-26,144.59000
2022-01-27,169.89000
2022-01-28,48.52000
2022-01-29,110.78000
2022-01-30,306.93000
2022-01-31,157.03000
2022-02-01,136.45000
2022-02-02,171.84000
2022-02-03,115.14000
2022-02-04,39.30000
2022-02-05,30.89000
2022-02-06,137.03000
2022-02-07,28.42000
2022-02-08,10.51000
2022-02-09,31.37000
2022-02-10,49.65000
2022-02-11,59.30000
2022-02-12,119.68000
2022-02-13,131.51000
2022-02-14,114.88000
2022-02-15,42.75000
2022-02-16,38.92000
2022-02-17,66.56000
2022-02-18,133.01000
2022-02-19,91.75000
2022-02-20,122.30000
2022-02-21,63.24000
2022-02-22,34.09000
2022-02-23,73.48000
2022-02-24,85.22000
2022-02-25,168.78000
2022-02-26,216.87000
2022-02-27,136.23000
2022-02-28,73.70000
2022-03-01,84.97000
2022-03-02,121.46000
2022-03-03,164.71000
2022-03-04,58.61000
2022-03-05,108.12000
2022-03-06,104.01000
2022-03-07,56.91000
2022-03-08,143.30000
2022-03-09,107.69000
2022-03-10,142.35000
2022-03-11,188.09000
2022-03-12,112.77000
2022-03-13,227.64000
2022-03-14,246.05000
2022-03-15,91.68000
2022-03-16,93.49000
2022-03-17,111.31000
2022-03-18,122.22000
2022-03-19,84.36000
2022-03-20,172.07000
2022-03-21,153.11000
2022-03-22,69.19000
2022-03-23,98.22000
2022-03-24,70.71000
2022-03-25,102.17000
2022-03-26,137.25000
2022-03-27,258.25000
2022-03-28,119.08000
2022-03-29,184.66000
2022-03-30,110.86000
2022-03-31,96.02000
2022-04-01,69.12000
2022-04-02,33.04000
2022-04-03,47.36000
2022-04-04,58.15000
2022-04-05,101.63000
2022-04-06,128.50000
2022-04-07,78.46000
2022-04-08,20.62000
2022-04-09,81.69000
2022-04-10,295.73000
2022-04-11,193.19000
2022-04-12,34.16000
2022-04-13,51.43000
2022-04-14,103.15000
2022-04-15,41.63000
2022-04-16,34.83000
2022-04-17,32.70000
2022-04-18,76.98000
2022-04-19,239.84000
2022-04-20,75.77000
2022-04-21,69.98000
2022-04-22,90.54000
2022-04-23,66.02000
2022-04-24,45.49000
2022-04-25,131.45000
2022-04-26,44.42000
2022-04-27,33.48000
2022-04-28,60.13000
2022-04-29,131.51000
2022-04-30,327.42000
2022-05-01,113.96000
2022-05-02,73.17000
2022-05-03,110.17000
2022-05-04,199.17000
2022-05-05,130.68000
2022-05-06,250.97000
2022-05-07,67.62000
2022-05-08,277.25000
2022-05-09,129.57000
2022-05-10,112.36000
2022-05-11,92.85000
2022-05-12,68.63000
2022-05-13,120.14000
2022-05-14,94.75000
2022-05-15,94.39000
2022-05-16,57.32000
2022-05-17,22.37000
2022-05-18,125.30000
2022-05-19,131.05000
2022-05-20,149.55000
2022-05-21,200.66000
2022-05-22,167.08000
2022-05-23,179.29000
2022-05-24,92.70000
2022-05-25,172.07000
2022-05-26,166.85000
2022-05-27,231.82000
2022-05-28,32.78000
2022-05-29,165.64000
2022-05-30,48.78000
2022-05-31,25.72000
2022-06-01,69.88000
2022-06-02,116.11000
2022-06-03,81.92000
2022-06-04,16.62000
2022-06-05,60.22000
2022-06-06,45.61000
2022-06-07,69.52000
2022-06-08,61.53000
2022-06-09,113.22000
2022-06-10,92.05000
2022-06-11,35.14000
2022-06-12,95.94000
2022-06-13,93.86000
2022-06-14,35.20000
2022-06-15,53.80000
2022-06-16,152.05000
2022-06-17,70.87000
2022-06-18,85.74000
2022-06-19,152.69000
2022-06-20,33.32000
2022-06-21,98.16000
2022-06-22,118.73000
2022-06-23,55.00000
2022-06-24,84.02000
2022-06-25,68.51000
2022-06-26,276.25000
2022-06-27,80.28000
2022-06-28,72.94000
2022-06-29,52.98000
2022-06-30,172.69000
2022-07-01,188.65000
2022-07-02,34.45000
2022-07-03,51.31000
2022-07-04,109.05000
2022-07-05,56.09000
2022-07-06,77.50000
2022-07-07,95.37000
2022-07-08,74.24000
2022-07-09,55.05000
2022-07-10,114.31000
2022-07-11,33.04000
2022-07-12,61.95000
2022-07-13,46.66000
2022-07-14,141.31000
2022-07-15,107.08000
2022-07-16,55.19000
2022-07-17,133.23000
2022-07-18,48.30000
2022-07-19,108.18000
2022-07-20,149.94000
2022-07-21,119.90000
2022-07-22,115.32000
2022-07-23,106.76000
2022-07-24,150.93000
2022-07-25,79.82000
2022-07-26,50.23000
2022-07-27,194.15000
2022-07-28,180.36000
2022-07-29,86.11000
2022-07-30,54.47000
2022-07-31,115.53000
2022-08-01,265.40000
2022-08-02,60.94000
2022-08-03,125.84000
2022-08-04,104.16000
2022-08-05,126.28000
2022-08-06,90.02000
2022-08-07,165.08000
2022-08-08,259.28000
2022-08-09,87.15000
2022-08-10,120.54000
2022-08-11,141.42000
2022-08-12,106.87000
2022-08-13,74.14000
2022-08-14,50.45000
2022-08-15,111.66000
2022-08-16,59.72000
2022-08-17,99.81000
2022-08-18,9.12000
2022-08-19,114.81000
2022-08-20,114.90000
2022-08-21,128.43000
2022-08-22,446.93000
2022-08-23,58.62000
2022-08-24,70.68000
2022-08-25,79.66000
2022-08-26,58.58000
2022-08-27,47.79000
2022-08-28,61.43000
2022-08-29,105.70000
2022-08-30,127.62000
2022-08-31,85.80000
2022-09-01,42.39000
2022-09-02,36.42000
2022-09-03,14.56000
2022-09-04,206.11000
2022-09-05,46.61000
2022-09-06,60.81000
2022-09-07,96.27000
2022-09-08,38.83000
2022-09-09,47.57000
2022-09-10,28.75000
2022-09-11,29.05000
2022-09-12,186.29000
2022-09-13,22.00000
2022-09-14,33.52000
2022-09-15,181.06000
2022-09-16,73.17000
2022-09-17,160.71000
2022-09-18,145.85000
2022-09-19,14.36000
2022-09-20,65.92000
2022-09-21,106.16000
2022-09-22,171.54000
2022-09-23,121.27000
2022-09-24,28.94000
2022-09-25,58.94000
2022-09-26,85.10000
2022-09-27,145.78000
2022-09-28,142.80000
2022-09-29,34.05000
2022-09-30,102.04000
2022-10-01,42.71000
2022-10-02,542.10000
2022-10-03,171.21000
2022-10-04,164.15000
2022-10-05,210.92000
2022-10-06,77.47000
2022-10-07,28.39000
2022-10-08,103.93000
2022-10-09,197.14000
2022-10-10,74.79000
2022-10-11,22.91000
2022-10-12,50.15000
2022-10-13,50.96000
2022-10-14,258.67000
2022-10-15,72.37000
2022-10-16,58.25000
2022-10-17,56.99000
2022-10-18,43.13000
2022-10-19,67.88000
2022-10-20,83.43000
2022-10-21,9.46000
2022-10-22,14.74000
2022-10-23,99.57000
2022-10-24,157.87000
2022-10-25,122.36000
2022-10-26,133.09000
2022-10-27,196.18000
2022-10-28,137.82000
2022-10-29,14.45000
2022-10-30,86.98000
2022-10-31,213.24000
2022-11-01,185.79000
2022-11-02,41.91000
2022-11-03,110.46000
2022-11-04,46.27000
2022-11-05,29.30000
2022-11-06,160.95000
2022-11-07,169.53000
2022-11-08,112.58000
2022-11-09,134.89000
2022-11-10,97.71000
2022-11-11,39.43000
2022-11-12,61.99000
2022-11-13,257.88000
2022-11-14,264.10000
2022-11-15,69.00000
2022-11-16,242.28000
2022-11-17,147.22000
2022-11-18,143.64000
2022-11-19,170.14000
2022-11-20,180.72000
2022-11-21,161.84000
2022-11-22,320.98000
2022-11-23,224.08000
2022-11-24,197.36000
2022-11-25,63.12000
2022-11-26,168.28000
2022-11-27,148.03000
2022-11-28,187.46000
2022-11-29,22.87000
2022-11-30,52.87000
2022-12-01,78.72000
2022-12-02,9.80000
2022-12-03,31.67000
2022-12-04,106.61000
2022-12-05,225.32000
2022-12-06,56.08000
2022-12-07,76.71000
2022-12-08,95.78000
2022-12-09,120.84000
2022-12-10,161.95000
2022-12-11,92.90000
2022-12-12,104.44000
2022-12-13,46.18000
2022-12-14,88.71000
2022-12-15,80.71000
2022-12-16,97.13000
2022-12-17,48.07000
2022-12-18,114.73000
2022-12-19,46.11000
2022-12-20,96.36000
2022-12-21,35.43000
2022-12-22,116.90000
2022-12-23,35.07000
2022-12-24,58.46000
2022-12-25,157.97000
2022-12-26,79.46000
2022-12-27,99.03000
2022-12-28,123.64000
2022-12-29,82.15000
2022-12-30,131.67000
2022-12-31,206.74000
2023-01-01,196.53000
2023-01-02,93.41000
2023-01-03,49.69000
2023-01-04,62.04000
2023-01-05,292.52000
2023-01-06,90.21000
2023-01-07,194.97000
2023-01-08,248.66000
2023-01-09,72.12000
2023-01-10,904.65000
2023-01-11,154.50000
2023-01-12,229.38000
2023-01-13,99.05000
2023-01-14,31.20000
2023-01-15,277.58000
2023-01-16,67.86000
2023-01-17,114.29000
2023-01-18,109.52000
2023-01-19,34.00000
2023-01-20,207.69000
2023-01-21,141.88000
2023-01-22,77.63000
2023-01-23,301.34000
2023-01-24,249.54000
2023-01-25,273.12000
2023-01-26,43.55000
2023-01-27,117.38000
2023-01-28,47.75000
2023-01-29,125.45000
2023-01-30,196.65000
2023-01-31,176.14000
2023-02-01,206.28000
2023-02-02,249.98000
2023-02-03,30.57000
2023-02-04,65.95000
2023-02-05,47.91000
2023-02-06,317.77000
2023-02-07,256.58000
2023-02-08,108.98000
2023-02-09,122.55000
2023-02-10,30.45000
2023-02-11,188.18000
2023-02-12,15.92000
2023-02-13,14.21000
2023-02-14,139.24000
2023-02-15,216.26000
2023-02-16,67.30000
2023-02-17,47.78000
2023-02-18,179.90000
2023-02-19,78.54000
2023-02-20,31.25000
2023-02-21,113.89000
2023-02-22,41.15000
2023-02-23,163.06000
2023-02-24,85.09000
2023-02-25,45.89000
2023-02-26,14.69000
2023-02-27,13.77000
2023-02-28,10.58000
2023-03-01,96.62000
2023-03-02,243.76000
2023-03-03,64.10000
2023-03-04,43.48000
2023-03-05,158.83000
2023-03-06,13.77000
2023-03-07,246.45000
2023-03-08,16.43000
2023-03-09,25.43000
2023-03-10,337.36000
2023-03-11,265.47000
2023-03-12,42.01000
2023-03-13,239.50000
2023-03-14,74.82000
2023-03-15,65.92000
2023-03-16,271.32000
2023-03-17,78.30000
2023-03-18,32.77000
2023-03-19,97.28000
2023-03-20,148.86000
2023-03-21,76.14000
2023-03-22,189.59000
2023-03-23,341.16000
2023-03-24,248.86000
2023-03-25,168.52000
2023-03-26,218.28000
2023-03-27,133.66000
2023-03-28,222.47000
2023-03-29,139.25000
2023-03-30,168.79000
2023-03-31,98.47000
2023-04-01,124.12000
2023-04-02,248.19000
2023-04-03,105.28000
2023-04-04,145.63000
2023-04-05,146.50000
2023-04-06,24.48000
2023-04-07,50.50000
2023-04-08,139.98000
2023-04-09,81.15000
2023-04-10,55.68000
2023-04-11,182.49000
2023-04-12,88.10000
2023-04-13,188.66000
2023-04-14,20.06000
2023-04-15,16.54000
2023-04-16,149.85000
2023-04-17,94.36000
2023-04-18,72.93000
2023-04-19,177.38000
2023-04-20,8.38000
2023-04-21,188.08000
2023-04-22,78.59000
2023-04-23,47.87000
2023-04-24,274.86000
2023-04-25,62.58000
2023-04-26,92.50000
2023-04-27,301.22000
2023-04-28,27.44000
2023-04-29,14.51000
2023-04-30,192.86000
2023-05-01,38.50000
2023-05-02,542.55000
2023-05-03,146.93000
2023-05-04,145.94000
2023-05-05,19.63000
2023-05-06,45.73000
2023-05-07,112.04000
2023-05-08,540.52000
2023-05-09,71.35000
2023-05-10,7.60000
2023-05-11,172.40000
2023-05-12,67.25000
2023-05-13,62.52000
2023-05-14,108.86000
2023-05-15,104.07000
2023-05-16,10.36000
2023-05-17,23.53000
2023-05-18,293.47000
2023-05-19,68.30000
2023-05-20,287.15000
2023-05-21,125.42000
2023-05-22,902.81000
2023-05-23,52.84000
2023-05-24,55.97000
2023-05-25,32.44000
2023-05-26,289.17000
2023-05-27,46.92000
2023-05-28,47.55000
2023-05-29,42.21000
2023-05-30,23.32000
2023-05-31,220.41000
2023-06-01,24.44000
2023-06-02,90.46000
2023-06-03,60.40000
2023-06-04,60.88000
2023-06-05,26.86000
2023-06-06,21.92000
2023-06-07,24.66000
2023-06-08,180.41000
2023-06-09,19.08000
2023-06-10,46.11000
2023-06-11,15.80000
2023-06-12,240.04000
2023-06-13,10.79000
2023-06-14,24.70000
2023-06-15,93.19000
2023-06-16,29.71000
2023-06-17,32.21000
2023-06-18,78.98000
2023-06-19,48.49000
2023-06-20,55.94000
2023-06-21,94.41000
2023-06-22,17.36000
2023-06-23,19.43000
2023-06-24,15.66000
2023-06-25,297.76000
2023-06-26,268.82000
2023-06-27,67.19000
2023-06-28,96.04000
2023-06-29,25.80000
2023-06-30,68.45000
2023-07-01,60.77000
2023-07-02,68.48000
2023-07-03,15.59000
2023-07-04,19.96000
2023-07-05,40.04000
2023-07-06,8.92000
2023-07-07,10.23000
2023-07-08,15.93000
2023-07-09,154.39000
2023-07-10,44.09000
2023-07-11,11.03000
2023-07-12,45.04000
2023-07-13,164.72000
2023-07-14,427.76000
2023-07-15,77.55000
2023-07-16,52.05000
2023-07-17,58.49000
2023-07-18,11.40000
2023-07-19,52.99000
2023-07-20,389.07000
2023-07-21,50.49000
2023-07-22,46.02000
2023-07-23,17.81000
2023-07-24,29.20000
2023-07-25,22.03000
2023-07-26,89.06000
2023-07-27,43.15000
2023-07-28,176.89000
2023-07-29,74.85000
2023-07-30,205.34000
2023-07-31,255.77000
2023-08-01,247.71000
2023-08-02,8.87000
2023-08-03,214.88000
2023-08-04,49.70000
2023-08-05,30.71000
2023-08-06,34.45000
2023-08-07,14.15000
2023-08-08,10.92000
2023-08-09,26.45000
2023-08-10,17.49000
2023-08-11,132.10000
2023-08-12,14.80000
2023-08-13,16.81000
2023-08-14,239.90000
2023-08-15,43.08000
2023-08-16,35.52000
2023-08-17,25.06000
2023-08-18,19.39000
2023-08-19,28.57000
2023-08-20,113.03000
2023-08-21,273.32000
2023-08-22,21.28000
2023-08-23,222.43000
2023-08-24,16.06000
2023-08-25,9.25000
2023-08-26,51.65000
2023-08-27,15.96000
2023-08-28,13.15000
2023-08-29,10.09000
2023-08-30,33.47000
2023-08-31,8.13000
2023-09-01,26.59000
2023-09-02,24.76000
2023-09-03,16.97000
2023-09-04,173.42000
2023-09-05,10.89000
2023-09-06,41.42000
2023-09-07,39.24000
2023-09-08,203.38000
2023-09-09,12.33000
2023-09-10,76.86000
2023-09-11,126.90000
2023-09-12,125.65000
2023-09-13,141.23000
2023-09-14,31.70000
2023-09-15,44.00000
2023-09-16,38.08000
2023-09-17,15.14000
2023-09-18,38.66000
2023-09-19,19.75000
2023-09-20,48.34000
2023-09-21,23.30000
2023-09-22,8.64000
2023-09-23,37.93000
2023-09-24,14.83000
2023-09-25,12.86000
2023-09-26,30.54000
2023-09-27,112.54000
2023-09-28,23.19000
2023-09-29,8.51000
2023-09-30,12.45000
2023-10-01,45.10000
2023-10-02,25.28000
2023-10-03,10.14000
2023-10-04,24.29000
2023-10-05,7.87000
2023-10-06,129.95000
2023-10-07,26.07000
2023-10-08,94.88000
2023-10-09,152.56000
2023-10-10,10.45000
2023-10-11,187.74000
2023-10-12,55.34000
2023-10-13,172.41000
2023-10-14,26.40000
2023-10-15,892.29000
2023-10-16,71.57000
2023-10-17,78.94000
2023-10-18,32.71000
2023-10-19,152.95000
2023-10-20,459.79000
2023-10-21,291.40000
2023-10-22,313.65000
2023-10-23,242.75000
2023-10-24,29.91000
2023-10-25,71.58000
2023-10-26,153.10000
2023-10-27,227.97000
2023-10-28,37.46000
2023-10-29,59.36000
2023-10-30,356.93000
2023-10-31,40.46000
2023-11-01,157.53000
2023-11-02,48.19000
2023-11-03,56.72000
2023-11-04,26.07000
2023-11-05,44.77000
2023-11-06,82.91000
2023-11-07,56.79000
2023-11-08,297.62000
2023-11-09,252.32000
2023-11-10,154.34000
2023-11-11,56.78000
2023-11-12,73.23000
2023-11-13,50.85000
2023-11-14,9.83000
2023-11-15,24.64000
2023-11-16,32.65000
2023-11-17,508.48000
2023-11-18,41.21000
2023-11-19,77.72000
2023-11-20,37.54000
2023-11-21,88.36000
2023-11-22,41.22000
2023-11-23,27.03000
2023-11-24,70.99000
2023-11-25,30.53000
2023-11-26,100.46000
2023-11-27,27.51000
2023-11-28,236.49000
2023-11-29,76.12000
2023-11-30,24.24000
2023-12-01,9.16000
2023-12-02,13.45000
2023-12-03,44.75000
2023-12-04,13.44000
2023-12-05,280.26000
2023-12-06,49.57000
2023-12-07,72.51000
2023-12-08,94.32000
2023-12-09,180.66000
2023-12-10,64.75000
2023-12-11,55.83000
2023-12-12,10.78000
2023-12-13,26.01000
2023-12-14,33.73000
2023-12-15,37.93000
2023-12-16,13.64000
2023-12-17,49.75000
2023-12-18,625.54000
2023-12-19,226.39000
2023-12-20,43.43000
2023-12-21,25.20000
2023-12-22,52.53000
2023-12-23,351.39000
2023-12-24,72.78000
2023-12-25,65.06000
2023-12-26,116.75000
2023-12-27,268.82000
2023-12-28,344.24000
2023-12-29,94.12000
2023-12-30,82.08000
2023-12-31,145.24000
2024-01-01,52.74000
2024-01-02,50.17000
2024-01-03,47.39000
2024-01-04,142.64000
2024-01-05,79.88000
2024-01-06,98.94000
2024-01-07,143.51000
2024-01-08,40.32000
2024-01-09,32.32000
2024-01-10,35.13000
2024-01-11,33.25000
2024-01-12,67.25000
2024-01-13,13.56000
2024-01-14,16.66000
2024-01-15,15.02000
2024-01-16,56.22000
2024-01-17,17.49000
2024-01-18,201.24000
2024-01-19,367.02000
2024-01-20,55.15000
2024-01-21,16.95000
2024-01-22,251.38000
2024-01-23,198.45000
2024-01-24,43.09000
2024-01-25,158.74000
2024-01-26,9.74000
2024-01-27,14.12000
2024-01-28,47.87000
2024-01-29,13.95000
2024-01-30,31.56000
2024-01-31,16.51000
2024-02-01,152.74000
2024-02-02,9.65000
2024-02-03,27.89000
2024-02-04,112.03000
2024-02-05,281.84000
2024-02-06,30.76000
2024-02-07,205.61000
2024-02-08,8.07000
2024-02-09,18.68000
2024-02-10,13.28000
2024-02-11,275.83000
2024-02-12,303.13000
2024-02-13,53.44000
2024-02-14,76.07000
2024-02-15,185.68000
2024-02-16,9.57000
2024-02-17,27.75000
2024-02-18,16.56000
2024-02-19,62.15000
2024-02-20,229.63000
2024-02-21,292.04000
2024-02-22,176.15000
2024-02-23,9.92000
2024-02-24,245.48000
2024-02-25,97.55000
2024-02-26,13.35000
2024-02-27,205.46000
2024-02-28,138.93000
2024-02-29,57.22000
2024-03-01,9.61000
2024-03-02,54.65000
2024-03-03,16.05000
2024-03-04,341.86000
2024-03-05,206.34000
2024-03-06,25.00000
2024-03-07,8.27000
2024-03-08,19.25000
2024-03-09,26.90000
2024-03-10,15.69000
2024-03-11,13.47000
2024-03-12,21.14000
2024-03-13,289.93000
2024-03-14,16.63000
2024-03-15,188.64000
2024-03-16,43.36000
2024-03-17,32.71000
2024-03-18,184.08000
2024-03-19,20.99000
2024-03-20,82.86000
2024-03-21,186.73000
2024-03-22,191.79000
2024-03-23,57.42000
2024-03-24,32.59000
2024-03-25,13.94000
2024-03-26,288.74000
2024-03-27,194.97000
2024-03-28,8.65000
2024-03-29,51.39000
2024-03-30,101.10000
2024-03-31,16.78000
2024-04-01,40.72000
2024-04-02,10.56000
2024-04-03,33.85000
2024-04-04,17.47000
2024-04-05,20.35000
2024-04-06,42.57000
2024-04-07,65.18000
2024-04-08,28.26000
2024-04-09,10.80000
2024-04-10,17.20000
2024-04-11,169.67000
2024-04-12,92.48000
2024-04-13,29.11000
2024-04-14,83.84000
2024-04-15,55.51000
2024-04-16,52.76000
2024-04-17,33.70000
2024-04-18,16.66000
2024-04-19,20.29000
2024-04-20,58.03000
2024-04-21,64.83000
2024-04-22,13.90000
2024-04-23,20.47000
2024-04-24,139.47000
2024-04-25,296.07000
2024-04-26,39.50000
2024-04-27,14.14000
2024-04-28,48.91000
2024-04-29,14.06000
2024-04-30,388.11000
2024-05-01,169.47000
2024-05-02,16.26000
2024-05-03,39.01000
2024-05-04,57.14000
2024-05-05,16.71000
2024-05-06,53.60000
2024-05-07,10.22000
2024-05-08,8.57000
2024-05-09,25.37000
2024-05-10,10.02000
2024-05-11,43.15000
2024-05-12,270.91000
2024-05-13,27.71000
2024-05-14,32.26000
2024-05-15,25.31000
2024-05-16,25.56000
2024-05-17,10.18000
2024-05-18,14.51000
2024-05-19,68.49000
2024-05-20,28.58000
2024-05-21,130.76000
2024-05-22,18.10000
2024-05-23,35.25000
2024-05-24,10.87000
2024-05-25,30.84000
2024-05-26,142.74000
2024-05-27,22.96000
2024-05-28,24.92000
2024-05-29,56.99000
2024-05-30,63.15000
2024-05-31,21.12000
2024-06-01,71.90000
2024-06-02,17.02000
2024-06-03,44.46000
2024-06-04,11.87000
2024-06-05,27.82000
2024-06-06,9.15000
2024-06-07,11.23000
2024-06-08,15.90000
2024-06-09,36.27000
2024-06-10,15.21000
2024-06-11,11.98000
2024-06-12,122.19000
2024-06-13,114.15000
2024-06-14,11.12000
2024-06-15,49.19000
2024-06-16,54.72000
2024-06-17,46.53000
2024-06-18,23.67000
2024-06-19,21.26000
2024-06-20,39.35000
2024-06-21,11.76000
2024-06-22,16.91000
2024-06-23,18.48000
2024-06-24,15.36000
2024-06-25,23.78000
2024-06-26,48.88000
2024-06-27,9.88000
2024-06-28,23.29000
2024-06-29,858.03000
2024-06-30,235.87000
2024-07-01,6.42000
